Catalog ID	Category ID	Kink	Category	Description	Typical Role	Primary Mode	Intensity	Risk Level	Master Interest	Master Giving	Master Receiving	pet Interest	pet Giving	pet Receiving	Hard Limit?	Scene Use	Discussed?	Notes	Research Source(s)	Source URL(s)	Catalog Status
rope-bondage	bondage-restraint	Rope bondage	Bondage & Restraint	Restraining or decorating the body with rope.	Both	Physical/Psychological	Moderate	Moderate										Requires circulation/nerve awareness.			Original catalog
shibari-kinbaku	bondage-restraint	Shibari / kinbaku	Bondage & Restraint	Aesthetic and connective rope bondage traditions.	Both	Physical/Psychological	Moderate-High	Moderate-High										Skill-dependent; suspension adds substantial risk.			Original catalog
rope-suspension	bondage-restraint	Rope suspension	Bondage & Restraint	Suspending some or all body weight with rope.	Receiving	Physical/Psychological	High	High										Advanced specialty activity.			Original catalog
partial-suspension	bondage-restraint	Partial suspension	Bondage & Restraint	Some body weight supported while part remains grounded.	Receiving	Physical/Psychological	High	High										Advanced specialty activity.			Original catalog
predicament-bondage	bondage-restraint	Predicament bondage	Bondage & Restraint	Restraint arranged so one movement makes another sensation or position harder.	Both	Physical/Psychological	High	High										Careful monitoring and easy release.			Original catalog
mummification	bondage-restraint	Mummification	Bondage & Restraint	Wrapping the body to create extensive immobilization.	Receiving	Physical/Psychological	High	High										Heat, breathing, circulation, and panic risk.			Original catalog
cuffs	bondage-restraint	Cuffs	Bondage & Restraint	Wrist/ankle restraint using cuffs.	Both	Physical/Psychological	Low-Moderate	Low-Moderate										Avoid nerve compression.			Original catalog
leather-restraints	bondage-restraint	Leather restraints	Bondage & Restraint	Bondage using leather cuffs, straps, or harness restraints.	Both	Physical/Psychological	Low-Moderate	Low-Moderate										Fit matters.			Original catalog
metal-restraints	bondage-restraint	Metal restraints	Bondage & Restraint	Bondage using metal cuffs or similar hardware.	Both	Physical/Psychological	Moderate	Moderate										Hard edges and swelling require care.			Original catalog
spread-eagle-restraint	bondage-restraint	Spread-eagle restraint	Bondage & Restraint	Arms and legs restrained apart.	Receiving	Physical/Psychological	Moderate	Moderate										Monitor joints and circulation.			Original catalog
hogtie	bondage-restraint	Hogtie	Bondage & Restraint	Wrists and ankles secured behind the body.	Receiving	Physical/Psychological	High	High										Shoulder, back, and breathing risk.			Original catalog
frogtie	bondage-restraint	Frogtie	Bondage & Restraint	Legs folded and restrained in a bent position.	Receiving	Physical/Psychological	Moderate-High	Moderate-High										Joint flexibility matters.			Original catalog
chair-bondage	bondage-restraint	Chair bondage	Bondage & Restraint	Restraining someone to or on a chair.	Receiving	Physical/Psychological	Moderate	Moderate										Stability and circulation matter.			Original catalog
bed-bondage	bondage-restraint	Bed bondage	Bondage & Restraint	Using the bed or bedframe as restraint anchor.	Receiving	Physical/Psychological	Moderate	Moderate										Anchor safety matters.			Original catalog
under-bed-restraint-system	bondage-restraint	Under-bed restraint system	Bondage & Restraint	Restraint straps routed under a mattress.	Receiving	Physical/Psychological	Moderate	Moderate										Check hardware and escape access.			Original catalog
bondage-mitts	bondage-restraint	Bondage mitts	Bondage & Restraint	Mitts that reduce hand/finger use.	Receiving	Physical/Psychological	Low-Moderate	Low-Moderate										Helplessness without tight wrist restriction.			Original catalog
armbinder	bondage-restraint	Armbinder	Bondage & Restraint	Device holding arms together behind the back.	Receiving	Physical/Psychological	High	High										Shoulder/nerve risk.			Original catalog
elbow-bondage	bondage-restraint	Elbow bondage	Bondage & Restraint	Restricting elbows together or toward each other.	Receiving	Physical/Psychological	High	High										High nerve/joint risk; advanced.			Original catalog
thumb-cuffs	bondage-restraint	Thumb cuffs	Bondage & Restraint	Small restraints placed around thumbs.	Receiving	Physical/Psychological	Moderate	Moderate										Nerve/circulation sensitivity.			Original catalog
collar-to-wrist-restraint	bondage-restraint	Collar-to-wrist restraint	Bondage & Restraint	Connecting collar and wrist restraints to limit reach or posture.	Receiving	Physical/Psychological	Moderate	Moderate										Avoid neck load.			Original catalog
posture-collar	bondage-restraint	Posture collar	Bondage & Restraint	Rigid or semi-rigid collar limiting head/neck movement.	Receiving	Physical/Psychological	High	High										Neck safety is critical.			Original catalog
stocks-pillory	bondage-restraint	Stocks / pillory	Bondage & Restraint	Head and/or limbs held in a frame-like restraint.	Receiving	Physical/Psychological	Moderate	Moderate										Position comfort and emergency release.			Original catalog
cage-confinement	bondage-restraint	Cage confinement	Bondage & Restraint	Temporary confinement in a cage-like space.	Receiving	Physical/Psychological	Moderate	Moderate										Psychological + positional considerations.			Original catalog
small-space-confinement	bondage-restraint	Small-space confinement	Bondage & Restraint	Consensual confinement in a small safe space.	Receiving	Physical/Psychological	Moderate	Moderate										Ventilation, panic, and exit access.			Original catalog
body-bag-bondage	bondage-restraint	Body bag bondage	Bondage & Restraint	Enclosure that restricts movement.	Receiving	Physical/Psychological	High	High										Heat, breathing, rapid-release concerns.			Original catalog
hand-spanking	impact-play	Hand spanking	Impact Play	Impact with the hand, usually on fleshy areas.	Both	Physical/Psychological	Low-Moderate	Low-Moderate										Intensity and placement matter.			Original catalog
paddling	impact-play	Paddling	Impact Play	Impact using a paddle.	Both	Physical/Psychological	Moderate	Moderate										Material and force change sensation.			Original catalog
flogging	impact-play	Flogging	Impact Play	Repeated impact using a multi-tailed flogger.	Both	Physical/Psychological	Moderate	Moderate										Technique/placement matter.			Original catalog
caning	impact-play	Caning	Impact Play	Impact using a cane or cane-like implement.	Both	Physical/Psychological	High	High										Can cause significant bruising/injury.			Original catalog
strapping	impact-play	Strapping	Impact Play	Impact with a strap or belt-like implement.	Both	Physical/Psychological	Moderate-High	Moderate-High										Edges and force matter.			Original catalog
crop-play	impact-play	Crop play	Impact Play	Impact with a riding crop.	Both	Physical/Psychological	Moderate-High	Moderate-High										Small striking surface concentrates force.			Original catalog
slapper-tawse-play	impact-play	Slapper / tawse play	Impact Play	Impact with flat leather implements.	Both	Physical/Psychological	Moderate	Moderate										Technique matters.			Original catalog
wooden-spoon-play	impact-play	Wooden spoon play	Impact Play	Impact with a wooden spoon.	Both	Physical/Psychological	Moderate	Moderate										Small hard surface can sting sharply.			Original catalog
hairbrush-spanking	impact-play	Hairbrush spanking	Impact Play	Impact using a hairbrush.	Both	Physical/Psychological	Moderate-High	Moderate-High										Hard surface concentrates force.			Original catalog
rubber-paddle	impact-play	Rubber paddle	Impact Play	Impact using flexible rubber or silicone.	Both	Physical/Psychological	Moderate	Moderate										Can be sting-heavy.			Original catalog
thuddy-impact	impact-play	Thuddy impact	Impact Play	Preference for deeper, duller impact sensations.	Receiving	Physical/Psychological	Variable	Variable										Usually larger/softer implements.			Original catalog
stingy-impact	impact-play	Stingy impact	Impact Play	Preference for sharp surface sting sensations.	Receiving	Physical/Psychological	Variable	Variable										Usually smaller/thinner implements.			Original catalog
rhythmic-impact	impact-play	Rhythmic impact	Impact Play	Steady, patterned impact for sensory/ritual effect.	Both	Physical/Psychological	Variable	Variable										Can be meditative or disciplinary.			Original catalog
counting-impacts	impact-play	Counting impacts	Impact Play	Receiver counts each impact as part of protocol.	Receiving	Physical/Psychological	Variable	Variable										Psychological structure amplifies scene.			Original catalog
targeted-impact	impact-play	Targeted impact	Impact Play	Impact focused on an agreed body area.	Both	Physical/Psychological	Variable	Variable										Some body areas are unsuitable/high risk.			Original catalog
impact-warm-up	impact-play	Impact warm-up	Impact Play	Gradual ramp from light to stronger impact.	Both	Physical/Psychological	Low-Moderate	Low										Common risk-reduction practice.			Original catalog
impact-endurance	impact-play	Impact endurance	Impact Play	Longer-duration, paced impact focused on endurance.	Receiving	Physical/Psychological	Moderate-High	Moderate-High										Fatigue and tissue stress matter.			Original catalog
punishment-style-impact	impact-play	Punishment-style impact	Impact Play	Impact framed as correction/discipline within consensual play.	Both	Physical/Psychological	Variable	Variable										Psychological framing matters.			Original catalog
pinching	pain-sensation	Pinching	Pain & Sensation	Manual compression of skin or soft tissue.	Both	Physical/Psychological	Low-Moderate	Low-Moderate										Avoid vulnerable areas.			Original catalog
scratching	pain-sensation	Scratching	Pain & Sensation	Using fingernails to create sharp skin sensation.	Both	Physical/Psychological	Low-Moderate	Low-Moderate										Skin-breaking changes risk.			Original catalog
biting	pain-sensation	Biting	Pain & Sensation	Teeth pressure used as sensation or marking.	Both	Physical/Psychological	Moderate	Moderate										Avoid breaking skin unless risk is understood.			Original catalog
hair-pulling	pain-sensation	Hair pulling	Pain & Sensation	Pulling hair for sensation/control.	Both	Physical/Psychological	Moderate	Moderate										Neck strain matters.			Original catalog
clothespin-play	pain-sensation	Clothespin play	Pain & Sensation	Using clips/clothespins for pinching pressure.	Receiving	Physical/Psychological	Moderate	Moderate										Monitor circulation and nerve sensation.			Original catalog
nipple-clamps	pain-sensation	Nipple clamps	Pain & Sensation	Clamps used for concentrated pressure.	Receiving	Physical/Psychological	Moderate-High	Moderate-High										Duration/tension matter.			Original catalog
body-clamps	pain-sensation	Body clamps	Pain & Sensation	Clamps on agreed body areas.	Receiving	Physical/Psychological	Moderate	Moderate										Placement/duration matter.			Original catalog
wartenberg-wheel	pain-sensation	Wartenberg wheel	Pain & Sensation	Spiked pinwheel rolled lightly over skin.	Both	Physical/Psychological	Low-Moderate	Low-Moderate										Avoid broken skin.			Original catalog
wax-play	pain-sensation	Wax play	Pain & Sensation	Warm wax dripped onto skin for heat sensation.	Both	Physical/Psychological	Moderate-High	Moderate-High										Wax type/temperature vary greatly.			Original catalog
cupping	pain-sensation	Cupping	Pain & Sensation	Suction cups used to create pressure/marking.	Receiving	Physical/Psychological	Moderate	Moderate										Bruising and skin integrity.			Original catalog
suction-play	pain-sensation	Suction play	Pain & Sensation	Localized suction for pressure or temporary marks.	Receiving	Physical/Psychological	Moderate	Moderate										Duration and tissue sensitivity.			Original catalog
abrasive-texture-play	pain-sensation	Abrasive texture play	Pain & Sensation	Using rough textures for controlled skin sensation.	Both	Physical/Psychological	Low-Moderate	Low-Moderate										Avoid skin damage.			Original catalog
rough-body-handling	pain-sensation	Rough body handling	Pain & Sensation	Firm grabbing, repositioning, or handling as sensation/control.	Both	Physical/Psychological	Variable	Variable										Joint/soft-tissue limits matter.			Original catalog
pressure-play	pain-sensation	Pressure play	Pain & Sensation	Firm pressure used as sensory input.	Receiving	Physical/Psychological	Variable	Moderate										Avoid restricting breathing/circulation.			Original catalog
pain-endurance	pain-sensation	Pain endurance	Pain & Sensation	Enjoyment of tolerating sustained consensual pain.	Receiving	Physical/Psychological	High	High										Requires pacing and monitoring.			Original catalog
pain-processing	pain-sensation	Pain processing	Pain & Sensation	Enjoyment of the mental/physiological process of receiving pain.	Receiving	Physical/Psychological	Variable	Variable										May overlap masochism.			Original catalog
masochism	pain-sensation	Masochism	Pain & Sensation	Enjoyment of receiving pain, discomfort, or intense sensation.	Receiving	Physical/Psychological	Variable	Variable										Broad umbrella.			Original catalog
sadism	pain-sensation	Sadism	Pain & Sensation	Enjoyment of consensually giving pain or intense sensation.	Giving	Physical/Psychological	Variable	Variable										Broad umbrella.			Original catalog
blindfolding	sensory-play	Blindfolding	Sensory Play	Removing sight to heighten anticipation and other senses.	Receiving	Sensory/Psychological	Low	Low										Easy to combine with many activities.			Original catalog
headphone-audio-isolation	sensory-play	Headphone / audio isolation	Sensory Play	Reducing environmental sound or replacing it with chosen audio.	Receiving	Sensory/Psychological	Low-Moderate	Low-Moderate										Maintain emergency communication.			Original catalog
earplug-sensory-reduction	sensory-play	Earplug sensory reduction	Sensory Play	Reducing ambient sound for isolation or focus.	Receiving	Sensory/Psychological	Low	Low										Do not compromise safety communication.			Original catalog
sensory-deprivation	sensory-play	Sensory deprivation	Sensory Play	Reducing multiple senses to increase helplessness or sensation.	Receiving	Sensory/Psychological	Moderate	Moderate										Communication planning matters.			Original catalog
sensory-overload	sensory-play	Sensory overload	Sensory Play	Layering multiple safe sensations at once.	Receiving	Sensory/Psychological	Moderate-High	Moderate-High										Can become overwhelming quickly.			Original catalog
texture-play	sensory-play	Texture play	Sensory Play	Using contrasting textures on skin.	Both	Sensory/Psychological	Low	Low										Highly individual sensory response.			Original catalog
feather-play	sensory-play	Feather play	Sensory Play	Light touch using feathers or similarly soft objects.	Both	Sensory/Psychological	Low	Low										Often teasing/ticklish.			Original catalog
soft-fur-sensation	sensory-play	Soft-fur sensation	Sensory Play	Using soft fabric/faux fur for tactile stimulation.	Both	Sensory/Psychological	Low	Low										Can overlap pet play.			Original catalog
silk-satin-sensation	sensory-play	Silk / satin sensation	Sensory Play	Using smooth fabrics for tactile contrast.	Both	Sensory/Psychological	Low	Low										Low-risk sensory play.			Original catalog
leather-fetish-sensation	sensory-play	Leather fetish / sensation	Sensory Play	Attraction to leather smell, look, texture, or gear.	Both	Sensory/Psychological	Low	Low										Aesthetic/tactile.			Original catalog
latex-fetish	sensory-play	Latex fetish	Sensory Play	Attraction to latex clothing/material sensation and appearance.	Both	Sensory/Psychological	Moderate	Moderate										Allergies and overheating matter.			Original catalog
rubber-fetish	sensory-play	Rubber fetish	Sensory Play	Attraction to rubber material, smell, or clothing.	Both	Sensory/Psychological	Moderate	Moderate										Heat/skin considerations.			Original catalog
neoprene-fetish	sensory-play	Neoprene fetish	Sensory Play	Attraction to neoprene/wetsuit-like material.	Both	Sensory/Psychological	Low-Moderate	Low-Moderate										Heat and compression.			Original catalog
compression-clothing	sensory-play	Compression clothing	Sensory Play	Enjoyment of tight garments/body compression.	Receiving	Sensory/Psychological	Low-Moderate	Moderate										Avoid circulation/breathing restriction.			Original catalog
wet-clothing	sensory-play	Wet clothing	Sensory Play	Enjoyment or aversion-based play involving soaked clothing.	Receiving	Sensory/Psychological	Low-Moderate	Low-Moderate										Temperature/slipping risks.			Original catalog
cold-water-play	sensory-play	Cold water play	Sensory Play	Using cool water as a controlled sensory stimulus.	Both	Sensory/Psychological	Moderate	Moderate										Avoid extreme cold.			Original catalog
warm-water-play	sensory-play	Warm water play	Sensory Play	Using warm water for sensory or relaxation effects.	Both	Sensory/Psychological	Low-Moderate	Low										Avoid burns.			Original catalog
temperature-contrast	sensory-play	Temperature contrast	Sensory Play	Alternating warm/cool sensations.	Both	Sensory/Psychological	Moderate	Moderate										Avoid extremes.			Original catalog
ice-play	sensory-play	Ice play	Sensory Play	Using ice for brief cold sensation.	Both	Sensory/Psychological	Moderate	Moderate										Avoid prolonged contact.			Original catalog
tickling	sensory-play	Tickling	Sensory Play	Using ticklish sensation for play, helplessness, or endurance.	Both	Sensory/Psychological	Moderate	Moderate										Can provoke involuntary movement.			Original catalog
tickle-torture	sensory-play	Tickle torture	Sensory Play	More intense/extended consensual tickling framed as torment.	Both	Sensory/Psychological	Moderate-High	Moderate-High										Breathing/panic response matters.			Original catalog
water-over-face-aversion-play	sensory-play	Water-over-face aversion play	Sensory Play	Brief, controlled facial water sensation as aversive sensory play.	Receiving	Sensory/Psychological	Moderate	Moderate										Never obstruct breathing.			Original catalog
asmr-kink	sensory-play	ASMR kink	Sensory Play	Erotic/relaxing response to whispers, tapping, soft sounds, or close audio.	Receiving	Sensory/Psychological	Low	Low										Auditory.			Original catalog
whispering	sensory-play	Whispering	Sensory Play	Close, quiet speech used for intimacy, control, or anticipation.	Both	Sensory/Psychological	Low	Low										Auditory/psychological.			Original catalog
music-control	sensory-play	Music control	Sensory Play	One partner selects/controls music or audio atmosphere.	Both	Sensory/Psychological	Low	Low										Scene-setting.			Original catalog
electrical-stimulation	electrical-specialty	Electrical stimulation	Electrical & Specialty	Purpose-built devices used to create electrical sensation.	Both	Physical	High	High										Specialty activity; device/placement knowledge essential.			Original catalog
tens-style-sensation-play	electrical-specialty	TENS-style sensation play	Electrical & Specialty	Appropriate electrical stimulation equipment used for tingling/pulsing.	Both	Physical	High	High										Follow device-specific guidance.			Original catalog
violet-wand-play	electrical-specialty	Violet wand play	Electrical & Specialty	High-frequency electrical sensation using specialty equipment.	Both	Physical	High	High										Specialty knowledge required.			Original catalog
electro-tickle-sensation	electrical-specialty	Electro-tickle sensation	Electrical & Specialty	Electrical sensation used for involuntary twitch/tickle-like reactions.	Receiving	Physical	High	High										Specialty activity.			Original catalog
edging	orgasm-arousal-control	Edging	Orgasm & Arousal Control	Bringing arousal close to climax and stopping/reducing stimulation.	Both	Physical/Psychological	Moderate	Low-Moderate										Psychological intensity varies.			Original catalog
orgasm-denial	orgasm-arousal-control	Orgasm denial	Orgasm & Arousal Control	Delaying or prohibiting climax for an agreed period.	Receiving	Physical/Psychological	Moderate	Low-Moderate										Scene-based or longer-term.			Original catalog
orgasm-control	orgasm-arousal-control	Orgasm control	Orgasm & Arousal Control	One partner controls whether/when climax is allowed.	Both	Physical/Psychological	Moderate	Low-Moderate										Power-exchange framing.			Original catalog
forced-orgasm-fantasy	orgasm-arousal-control	Forced orgasm fantasy	Orgasm & Arousal Control	Consensual play centered on repeated or difficult-to-stop climax.	Receiving	Physical/Psychological	Moderate	Moderate										Stop for pain/numbness.			Original catalog
overstimulation	orgasm-arousal-control	Overstimulation	Orgasm & Arousal Control	Continuing stimulation beyond comfortable sensitivity within limits.	Receiving	Physical/Psychological	Moderate-High	Moderate										Stop for unwanted pain/numbness.			Original catalog
ruined-orgasm	orgasm-arousal-control	Ruined orgasm	Orgasm & Arousal Control	Interrupting climax or reducing stimulation at climax.	Receiving	Physical/Psychological	Moderate	Low										Psychological frustration.			Original catalog
tease-and-denial	orgasm-arousal-control	Tease and denial	Orgasm & Arousal Control	Prolonged arousal with limited or delayed release.	Receiving	Physical/Psychological	Moderate	Low-Moderate										Broad umbrella.			Original catalog
hands-off-rule	orgasm-arousal-control	Hands-off rule	Orgasm & Arousal Control	Receiver may not touch themselves during an agreed period/scene.	Receiving	Physical/Psychological	Low-Moderate	Low										Control-based.			Original catalog
permission-to-orgasm-protocol	orgasm-arousal-control	Permission-to-orgasm protocol	Orgasm & Arousal Control	Receiver must ask before climax.	Receiving	Physical/Psychological	Low-Moderate	Low										Protocol-based.			Original catalog
countdown-to-release	orgasm-arousal-control	Countdown-to-release	Orgasm & Arousal Control	Release tied to a countdown or formal permission cue.	Receiving	Physical/Psychological	Low-Moderate	Low										Anticipation-based.			Original catalog
chastity-device-play	orgasm-arousal-control	Chastity device play	Orgasm & Arousal Control	Purpose-built device restricts genital access/arousal behavior.	Receiving	Physical/Psychological	High	High										Fit, hygiene, circulation, duration matter.			Original catalog
honor-system-chastity	orgasm-arousal-control	Honor-system chastity	Orgasm & Arousal Control	Chastity maintained by rule rather than physical device.	Receiving	Physical/Psychological	Low	Low										Psychological/behavioral.			Original catalog
begging	orgasm-arousal-control	Begging	Orgasm & Arousal Control	Receiver asks or pleads for permission, attention, or release.	Receiving	Physical/Psychological	Low-Moderate	Low										Psychological.			Original catalog
teasing	orgasm-arousal-control	Teasing	Orgasm & Arousal Control	Deliberately provoking arousal or anticipation without immediate satisfaction.	Both	Physical/Psychological	Low-Moderate	Low										Psychological.			Original catalog
protocol	protocol-obedience-service	Protocol	Protocol, Obedience & Service	Formal rules governing behavior, speech, posture, or interaction.	Both	Psychological/Behavioral	Variable	Low-Variable										Broad umbrella.			Original catalog
high-protocol	protocol-obedience-service	High protocol	Protocol, Obedience & Service	More formal, detailed, or frequent rules and rituals.	Both	Psychological/Behavioral	Moderate	Moderate										Requires clarity and sustainability.			Original catalog
low-protocol	protocol-obedience-service	Low protocol	Protocol, Obedience & Service	Occasional symbolic rules/rituals without pervasive structure.	Both	Psychological/Behavioral	Low	Low										Flexible.			Original catalog
obedience	protocol-obedience-service	Obedience	Protocol, Obedience & Service	Enjoyment of giving or following consensual commands.	Both	Psychological/Behavioral	Variable	Low-Variable										Core power-exchange kink.			Original catalog
command-play	protocol-obedience-service	Command play	Protocol, Obedience & Service	Scene built around giving/following specific commands.	Both	Psychological/Behavioral	Variable	Low-Variable										Boundaries remain in force.			Original catalog
permission-protocols	protocol-obedience-service	Permission protocols	Protocol, Obedience & Service	Requiring permission for selected harmless actions.	Receiving	Psychological/Behavioral	Variable	Low-Moderate										Keep essentials exempt.			Original catalog
position-protocols	protocol-obedience-service	Position protocols	Protocol, Obedience & Service	Assigned postures or positions as ritual/obedience.	Receiving	Psychological/Behavioral	Moderate	Moderate										Joint/comfort limits.			Original catalog
kneeling-protocol	protocol-obedience-service	Kneeling protocol	Protocol, Obedience & Service	Kneeling used as a ritual or power-exchange posture.	Receiving	Psychological/Behavioral	Moderate	Moderate										Protect knees/joints.			Original catalog
speech-protocol	protocol-obedience-service	Speech protocol	Protocol, Obedience & Service	Rules about titles, phrasing, response format, or when to speak.	Receiving	Psychological/Behavioral	Low-Moderate	Low-Moderate										Safety/needs speech unrestricted.			Original catalog
honorifics-titles	protocol-obedience-service	Honorifics / titles	Protocol, Obedience & Service	Using titles such as Master, Sir, Ma'am, Daddy, Mommy, etc.	Both	Psychological/Behavioral	Low	Low										Meaning is relationship-specific.			Original catalog
eye-contact-protocol	protocol-obedience-service	Eye-contact protocol	Protocol, Obedience & Service	Rules about making or withholding eye contact.	Receiving	Psychological/Behavioral	Low	Low										Can be psychologically potent.			Original catalog
posture-training	protocol-obedience-service	Posture training	Protocol, Obedience & Service	Practicing specific body posture as protocol or presentation.	Receiving	Psychological/Behavioral	Moderate	Moderate										Avoid strain.			Original catalog
etiquette-training	protocol-obedience-service	Etiquette training	Protocol, Obedience & Service	Practicing formal manners or ritualized behavior.	Receiving	Psychological/Behavioral	Low	Low										Playful or serious.			Original catalog
inspection	protocol-obedience-service	Inspection	Protocol, Obedience & Service	Formal inspection of posture, attire, work, or readiness.	Both	Psychological/Behavioral	Low-Moderate	Low										Psychological/ritual.			Original catalog
presentation	protocol-obedience-service	Presentation	Protocol, Obedience & Service	Submissive presents themselves, object, or completed task for review.	Receiving	Psychological/Behavioral	Low-Moderate	Low										Can overlap evaluation.			Original catalog
service-submission	protocol-obedience-service	Service submission	Protocol, Obedience & Service	Enjoyment of serving another person as expression of submission.	Receiving	Psychological/Behavioral	Variable	Low										Acts of care/practical help.			Original catalog
domestic-service	protocol-obedience-service	Domestic service	Protocol, Obedience & Service	Household tasks framed as service within power exchange.	Receiving	Psychological/Behavioral	Low	Low										Not inherently erotic to everyone.			Original catalog
personal-assistant-service	protocol-obedience-service	Personal assistant service	Protocol, Obedience & Service	Organizing, fetching, scheduling, or assisting as consensual service.	Receiving	Psychological/Behavioral	Low	Low										Avoid exploitative imbalance.			Original catalog
bootblacking	protocol-obedience-service	Bootblacking	Protocol, Obedience & Service	Cleaning/polishing leather boots as ritualized service.	Receiving	Psychological/Behavioral	Low	Low										Community/ritual oriented.			Original catalog
foot-service	protocol-obedience-service	Foot service	Protocol, Obedience & Service	Massaging, washing, tending, or presenting feet as service.	Both	Psychological/Behavioral	Low	Low										May overlap foot fetish.			Original catalog
serving-drinks	protocol-obedience-service	Serving drinks	Protocol, Obedience & Service	Formalized drink preparation/presentation as service.	Receiving	Psychological/Behavioral	Low	Low										Hydration should never be withheld.			Original catalog
serving-meals	protocol-obedience-service	Serving meals	Protocol, Obedience & Service	Formalized meal preparation/presentation as service.	Receiving	Psychological/Behavioral	Low	Low										Food access remains safe.			Original catalog
task-assignment	protocol-obedience-service	Task assignment	Protocol, Obedience & Service	Master assigns bounded tasks for obedience or structure.	Both	Psychological/Behavioral	Low-Moderate	Low										Clear scope/endpoints.			Original catalog
timed-task-protocol	protocol-obedience-service	Timed task protocol	Protocol, Obedience & Service	Task must be completed within an agreed time.	Receiving	Psychological/Behavioral	Moderate	Low-Moderate										Avoid unsafe rushing.			Original catalog
precision-task-protocol	protocol-obedience-service	Precision task protocol	Protocol, Obedience & Service	Task must meet exact formatting/quality rules.	Receiving	Psychological/Behavioral	Moderate	Low-Moderate										Competence + submission.			Original catalog
fetching	protocol-obedience-service	Fetching	Protocol, Obedience & Service	Being told to retrieve objects as service/protocol task.	Receiving	Psychological/Behavioral	Low	Low													Original catalog
waiting-position	protocol-obedience-service	Waiting position	Protocol, Obedience & Service	Holding a designated posture while waiting for Master.	Receiving	Psychological/Behavioral	Low-Moderate	Low-Moderate													Original catalog
dominance	power-exchange-roles	Dominance	Power Exchange & Roles	Enjoyment of consensually directing, controlling, or leading.	Giving	Psychological/Relational	Variable	Low-Variable										Umbrella identity/role.			Original catalog
submission	power-exchange-roles	Submission	Power Exchange & Roles	Enjoyment of consensually yielding control or following.	Receiving	Psychological/Relational	Variable	Low-Variable										Umbrella identity/role.			Original catalog
master-slave-dynamic	power-exchange-roles	Master/slave dynamic	Power Exchange & Roles	Structured power exchange using Master/slave roles and terminology.	Both	Psychological/Relational	Variable	Moderate										Definitions vary; explicit scope matters.			Original catalog
owner-property-dynamic	power-exchange-roles	Owner/property dynamic	Power Exchange & Roles	Power exchange framed around ownership/property symbolism.	Both	Psychological/Relational	Variable	Moderate										Symbolic/consensual.			Original catalog
daddy-babygirl-dynamic	power-exchange-roles	Daddy/babygirl dynamic	Power Exchange & Roles	Caretaking + authority dynamic using Daddy/babygirl roles.	Both	Psychological/Relational	Variable	Low-Moderate										Adult participants only.			Original catalog
mommy-little-dynamic	power-exchange-roles	Mommy/little dynamic	Power Exchange & Roles	Caretaking + authority dynamic using Mommy/little roles.	Both	Psychological/Relational	Variable	Low-Moderate										Adult participants only.			Original catalog
caretaker-little-dynamic	power-exchange-roles	Caretaker/little dynamic	Power Exchange & Roles	Nurturing authority + regressive/playful adult role dynamic.	Both	Psychological/Relational	Variable	Low-Moderate										Adult participants only.	3Fun; KinkSheet; TBô 2026 list	https://www.go3fun.co/poly-blog/list-of-kinks/; https://kinksheet.com/; https://tbo.clothing/blogs/talk/kinks-list-2026-a-z-fetishes-psychology	Existing + sourced
pet-owner-dynamic	power-exchange-roles	Pet/Owner dynamic	Power Exchange & Roles	Power exchange framed around pet and Owner roles.	Both	Psychological/Relational	Variable	Low-Moderate										Can overlap pet play.			Original catalog
handler-pet-dynamic	power-exchange-roles	Handler/pet dynamic	Power Exchange & Roles	Training/handling structure within pet play.	Both	Psychological/Relational	Variable	Low-Moderate										Roleplay/power exchange.			Original catalog
total-power-exchange-fantasy	power-exchange-roles	Total power exchange fantasy	Power Exchange & Roles	Fantasy or negotiated structure where control is broadly delegated.	Both	Psychological/Relational	High	High										Scope remains consensual and revocable.			Original catalog
24-7-power-exchange	power-exchange-roles	24/7 power exchange	Power Exchange & Roles	Power-exchange roles extending beyond discrete scenes.	Both	Psychological/Relational	High	High										Requires robust communication.			Original catalog
weekend-temporary-tpe	power-exchange-roles	Weekend / temporary TPE	Power Exchange & Roles	Broad power exchange limited to defined time window.	Both	Psychological/Relational	Moderate-High	Moderate										Bounded duration.			Original catalog
switching	power-exchange-roles	Switching	Power Exchange & Roles	Enjoyment of both dominant/top and submissive/bottom roles.	Both	Psychological/Relational	Variable	Low										Can vary by partner/activity.			Original catalog
bratting	power-exchange-roles	Bratting	Power Exchange & Roles	Playful resistance, teasing, or rule-testing.	Receiving	Psychological/Relational	Low-Moderate	Low-Moderate										Shared understanding matters.			Original catalog
brat-taming	power-exchange-roles	Brat taming	Power Exchange & Roles	Enjoyment of responding to playful resistance with control/discipline.	Giving	Psychological/Relational	Moderate	Moderate										Avoid real anger replacing play.			Original catalog
training-dynamic	power-exchange-roles	Training dynamic	Power Exchange & Roles	Ongoing development of protocols, skills, or behaviors within D/s.	Both	Psychological/Relational	Variable	Low-Moderate										Goals/consent explicit.			Original catalog
ownership-ritual	power-exchange-roles	Ownership ritual	Power Exchange & Roles	Symbolic acts reinforcing belonging/ownership dynamics.	Both	Psychological/Relational	Low-Moderate	Low										Collars/phrases/ceremonies.			Original catalog
protective-dominance	power-exchange-roles	Protective dominance	Power Exchange & Roles	Dominance expressed through guidance, caretaking, protection.	Giving	Psychological/Relational	Low-Moderate	Low													Original catalog
gentle-dominance	power-exchange-roles	Gentle dominance	Power Exchange & Roles	Dominance emphasizing warmth, praise, and soft control.	Giving	Psychological/Relational	Low	Low													Original catalog
soft-submission	power-exchange-roles	Soft submission	Power Exchange & Roles	Submission emphasizing affection, trust, and gentle surrender.	Receiving	Psychological/Relational	Low	Low													Original catalog
disciplined-submission	power-exchange-roles	Disciplined submission	Power Exchange & Roles	Submission emphasizing rules, accountability, correction.	Receiving	Psychological/Relational	Moderate	Low-Moderate													Original catalog
devotional-submission	power-exchange-roles	Devotional submission	Power Exchange & Roles	Submission framed around devotion, service, belonging, or reverence.	Receiving	Psychological/Relational	Variable	Low													Original catalog
worship-kink	power-exchange-roles	Worship kink	Power Exchange & Roles	Erotic or relational reverence directed at partner/body part.	Both	Psychological/Relational	Low-Moderate	Low													Original catalog
collaring	collars-symbols-marking	Collaring	Collars, Symbols & Marking	Wearing/giving a collar as symbol, gear, or relationship ritual.	Both	Physical/Psychological	Low	Low										Meaning varies.	Tumblr 400+ list; KinkSheet; 3Fun	https://5ummit.tumblr.com/post/686429062096355328/list-of-400-kinks-tropes; https://kinksheet.com/; https://www.go3fun.co/poly-blog/list-of-kinks/	Existing + sourced
day-collar	collars-symbols-marking	Day collar	Collars, Symbols & Marking	Subtle everyday collar-like jewelry with symbolic meaning.	Receiving	Physical/Psychological	Low	Low										Discreet symbolism.			Original catalog
play-collar	collars-symbols-marking	Play collar	Collars, Symbols & Marking	Collar used specifically for scenes or roleplay.	Receiving	Physical/Psychological	Low	Low										Avoid neck load.			Original catalog
leash-play	collars-symbols-marking	Leash play	Collars, Symbols & Marking	Using a leash for symbolic control, leading, or pet play.	Both	Physical/Psychological	Moderate	Moderate										Never use dangerous neck pressure.			Original catalog
harness-play	collars-symbols-marking	Harness play	Collars, Symbols & Marking	Wearing harnesses for aesthetic, control, or role purposes.	Both	Physical/Psychological	Low-Moderate	Low-Moderate										Fit/pressure points.			Original catalog
temporary-marking	collars-symbols-marking	Temporary marking	Collars, Symbols & Marking	Creating temporary visible marks as a consensual symbol.	Both	Physical/Psychological	Variable	Variable										Social implications.			Original catalog
hickeys-love-bites	collars-symbols-marking	Hickeys / love bites	Collars, Symbols & Marking	Suction/biting marks left on skin.	Both	Physical/Psychological	Moderate	Moderate										Placement/visibility matter.			Original catalog
bruise-marking	collars-symbols-marking	Bruise marking	Collars, Symbols & Marking	Enjoyment of consensual bruises from impact/pressure.	Both	Physical/Psychological	Moderate-High	Moderate-High										Tissue injury risk.			Original catalog
writing-on-skin	collars-symbols-marking	Writing on skin	Collars, Symbols & Marking	Using body-safe markers/ink for labels, messages, ownership symbols.	Both	Physical/Psychological	Low	Low										Skin-safe materials.			Original catalog
stamps-temporary-tattoos	collars-symbols-marking	Stamps / temporary tattoos	Collars, Symbols & Marking	Temporary symbols used for roleplay or marking.	Both	Physical/Psychological	Low	Low													Original catalog
body-writing	collars-symbols-marking	Body writing	Collars, Symbols & Marking	Words/phrases written on body as praise, degradation, ownership.	Both	Physical/Psychological	Low-Moderate	Low										Psychological meaning matters.			Original catalog
praise-kink	praise-degradation-humiliation	Praise kink	Praise, Degradation & Humiliation	Arousal or emotional reward from approval, compliments, or being called good.	Receiving	Psychological	Low	Low													Original catalog
good-girl-good-boy-praise	praise-degradation-humiliation	Good-girl / good-boy praise	Praise, Degradation & Humiliation	Specific praise language tied to obedience or performance.	Receiving	Psychological	Low	Low													Original catalog
competence-praise	praise-degradation-humiliation	Competence praise	Praise, Degradation & Humiliation	Praise focused on intelligence, skill, effort, or performance.	Receiving	Psychological	Low	Low													Original catalog
degradation	praise-degradation-humiliation	Degradation	Praise, Degradation & Humiliation	Consensual use of demeaning language or treatment as erotic play.	Both	Psychological	Moderate-High	Moderate-High										Psychological limits matter.			Original catalog
verbal-humiliation	praise-degradation-humiliation	Verbal humiliation	Praise, Degradation & Humiliation	Embarrassing or demeaning language within agreed boundaries.	Both	Psychological	Moderate-High	Moderate-High										Avoid unnegotiated identity wounds.			Original catalog
objectification	praise-degradation-humiliation	Objectification	Praise, Degradation & Humiliation	Treating someone as an object/thing within consensual roleplay.	Both	Psychological	Moderate	Moderate										Psychological intensity varies.			Original catalog
use-object-fantasy	praise-degradation-humiliation	Use-object fantasy	Praise, Degradation & Humiliation	Consensual fantasy of being used for another's pleasure/purpose.	Receiving	Psychological	High	High										Requires careful negotiation.			Original catalog
embarrassment-play	praise-degradation-humiliation	Embarrassment play	Praise, Degradation & Humiliation	Creating consensual awkwardness or embarrassment.	Both	Psychological	Moderate	Moderate										Avoid non-consenting bystanders.			Original catalog
private-humiliation	praise-degradation-humiliation	Private humiliation	Praise, Degradation & Humiliation	Humiliation kept within a private scene.	Receiving	Psychological	Moderate	Moderate													Original catalog
public-style-humiliation-fantasy	praise-degradation-humiliation	Public-style humiliation fantasy	Praise, Degradation & Humiliation	Fantasy of public embarrassment enacted privately/consenting spaces.	Receiving	Psychological	High	High										No non-consenting people.			Original catalog
small-task-humiliation	praise-degradation-humiliation	Small-task humiliation	Praise, Degradation & Humiliation	Silly, awkward, or intentionally undignified harmless tasks.	Receiving	Psychological	Low-Moderate	Low													Original catalog
formal-correction	praise-degradation-humiliation	Formal correction	Praise, Degradation & Humiliation	Being corrected in a ritualized, controlled manner.	Receiving	Psychological	Low-Moderate	Low													Original catalog
scolding	praise-degradation-humiliation	Scolding	Praise, Degradation & Humiliation	Consensual verbal reprimand as discipline or roleplay.	Both	Psychological	Moderate	Moderate										Tone matters.			Original catalog
lecture-disciplinary-talk	praise-degradation-humiliation	Lecture / disciplinary talk	Praise, Degradation & Humiliation	Structured verbal correction within a scene.	Receiving	Psychological	Moderate	Moderate										Avoid emotionally abusive content.			Original catalog
corner-time	praise-degradation-humiliation	Corner time	Praise, Degradation & Humiliation	Standing/sitting in designated place as corrective protocol.	Receiving	Psychological	Low-Moderate	Low										Bounded duration.			Original catalog
lines-writing-punishment	praise-degradation-humiliation	Lines / writing punishment	Praise, Degradation & Humiliation	Repeatedly writing a phrase/reflection as discipline.	Receiving	Psychological	Low	Low										Avoid hand strain.			Original catalog
name-calling	praise-degradation-humiliation	Name-calling	Praise, Degradation & Humiliation	Consensual use of agreed degrading or role-specific names.	Both	Psychological	Moderate	Moderate													Original catalog
mockery	praise-degradation-humiliation	Mockery	Praise, Degradation & Humiliation	Playful or harsh consensual teasing designed to embarrass.	Both	Psychological	Moderate	Moderate													Original catalog
performance-evaluation	praise-degradation-humiliation	Performance evaluation	Praise, Degradation & Humiliation	Master formally rates or critiques a harmless task/scene performance.	Both	Psychological	Moderate	Low-Moderate										Keep self-worth separate.			Original catalog
pet-play	pet-animal-roleplay	Pet play	Pet & Animal Roleplay	Adult takes on pet-like behavior/identity.	Both	Psychological/Roleplay	Low-Moderate	Low										Adult-only.			Original catalog
puppy-play	pet-animal-roleplay	Puppy play	Pet & Animal Roleplay	Canine-inspired pet roleplay.	Both	Psychological/Roleplay	Low-Moderate	Low													Original catalog
kitten-play	pet-animal-roleplay	Kitten play	Pet & Animal Roleplay	Feline-inspired pet roleplay.	Both	Psychological/Roleplay	Low-Moderate	Low													Original catalog
pony-play	pet-animal-roleplay	Pony play	Pet & Animal Roleplay	Equine-inspired roleplay involving training/tack aesthetics/performance.	Both	Psychological/Roleplay	Moderate	Moderate										Mobility/gear considerations.			Original catalog
bunny-play	pet-animal-roleplay	Bunny play	Pet & Animal Roleplay	Rabbit-inspired pet roleplay.	Both	Psychological/Roleplay	Low	Low													Original catalog
fox-play	pet-animal-roleplay	Fox play	Pet & Animal Roleplay	Fox-inspired pet roleplay.	Both	Psychological/Roleplay	Low	Low													Original catalog
pet-training	pet-animal-roleplay	Pet training	Pet & Animal Roleplay	Commands, tricks, positions, routines within pet play.	Both	Psychological/Roleplay	Moderate	Low-Moderate													Original catalog
pet-praise	pet-animal-roleplay	Pet praise	Pet & Animal Roleplay	Praise specifically framed around pet role.	Receiving	Psychological/Roleplay	Low	Low													Original catalog
pet-punishment	pet-animal-roleplay	Pet punishment	Pet & Animal Roleplay	Discipline framed within pet roleplay.	Receiving	Psychological/Roleplay	Variable	Variable													Original catalog
feeding-bowl-roleplay	pet-animal-roleplay	Feeding bowl roleplay	Pet & Animal Roleplay	Using pet-style bowls as roleplay/ritual.	Receiving	Psychological/Roleplay	Low	Low										Clean food-safe items.			Original catalog
leash-walking	pet-animal-roleplay	Leash walking	Pet & Animal Roleplay	Being led on leash in private/consenting contexts.	Receiving	Psychological/Roleplay	Moderate	Moderate										Avoid dangerous neck pressure.			Original catalog
crawling-all-fours-play	pet-animal-roleplay	Crawling / all-fours play	Pet & Animal Roleplay	Moving on hands/knees as pet or submissive roleplay.	Receiving	Psychological/Roleplay	Moderate	Moderate										Protect knees/wrists.			Original catalog
pet-bed-crate-roleplay	pet-animal-roleplay	Pet bed / crate roleplay	Pet & Animal Roleplay	Using pet furniture/crate symbolism for roleplay.	Receiving	Psychological/Roleplay	Moderate	Moderate										Ventilation/comfort.			Original catalog
tails-ears-gear	pet-animal-roleplay	Tails / ears gear	Pet & Animal Roleplay	Wearing animal-inspired accessories.	Receiving	Psychological/Roleplay	Low	Low													Original catalog
primal-play	primal-play	Primal play	Primal Play	Instinctive, less-scripted physical/psychological play.	Both	Physical/Psychological	Moderate-High	Moderate-High													Original catalog
primal-hunter	primal-play	Primal hunter	Primal Play	Pursuing, overpowering, or capturing in consensual primal play.	Giving	Physical/Psychological	High	High										Negotiate force/environment.			Original catalog
primal-prey	primal-play	Primal prey	Primal Play	Being pursued, caught, or overpowered in consensual primal play.	Receiving	Physical/Psychological	High	High										Negotiate force/escape rules.			Original catalog
chase-play	primal-play	Chase play	Primal Play	Consensual pursuit/chase within controlled environment.	Both	Physical/Psychological	High	High										Fall/environment risk.			Original catalog
wrestling	primal-play	Wrestling	Primal Play	Consensual grappling for dominance, play, or struggle.	Both	Physical/Psychological	High	High										Joint/neck/fall risk.			Original catalog
struggle-play	primal-play	Struggle play	Primal Play	Receiver resists physically within agreed boundaries.	Both	Physical/Psychological	High	High										Clear stop signals.			Original catalog
growling-animalistic-vocalization	primal-play	Growling / animalistic vocalization	Primal Play	Instinctive vocalization as part of primal play.	Both	Physical/Psychological	Low	Low													Original catalog
scenting	primal-play	Scenting	Primal Play	Smelling partner/body/gear as primal or fetish behavior.	Both	Physical/Psychological	Low	Low													Original catalog
biting-in-primal-play	primal-play	Biting in primal play	Primal Play	Biting framed as capture/claiming.	Both	Physical/Psychological	Moderate	Moderate										Skin injury considerations.			Original catalog
pinning	primal-play	Pinning	Primal Play	Holding someone down using body weight/control.	Giving	Physical/Psychological	High	High										Breathing/joint safety.			Original catalog
exhibitionism	exhibitionism-voyeurism	Exhibitionism	Exhibitionism & Voyeurism	Enjoyment of being seen in erotic/kinky contexts by consenting observers.	Receiving	Psychological	Moderate	Moderate										Consent/privacy/legal context.			Original catalog
voyeurism	exhibitionism-voyeurism	Voyeurism	Exhibitionism & Voyeurism	Enjoyment of watching consenting adults in erotic/kinky contexts.	Receiving	Psychological	Moderate	Moderate										All parties consent.			Original catalog
consensual-audience-play	exhibitionism-voyeurism	Consensual audience play	Exhibitionism & Voyeurism	Scene performed for invited consenting observers.	Both	Psychological	Moderate	Moderate										Privacy/recording rules.			Original catalog
mirror-play	exhibitionism-voyeurism	Mirror play	Exhibitionism & Voyeurism	Using mirrors to watch oneself/partner during a scene.	Both	Psychological	Low	Low													Original catalog
being-watched-by-partner	exhibitionism-voyeurism	Being watched by partner	Exhibitionism & Voyeurism	Enjoyment of performing or being observed by one's partner.	Receiving	Psychological	Low	Low													Original catalog
watching-partner-perform	exhibitionism-voyeurism	Watching partner perform	Exhibitionism & Voyeurism	Enjoyment of observing partner's consensual performance.	Receiving	Psychological	Low	Low													Original catalog
erotic-photography	exhibitionism-voyeurism	Erotic photography	Exhibitionism & Voyeurism	Consensual taking of intimate/kinky photos.	Both	Psychological	Moderate-High	High										Privacy/storage/deletion rules.			Original catalog
erotic-video-recording	exhibitionism-voyeurism	Erotic video recording	Exhibitionism & Voyeurism	Consensual recording of intimate/kinky video.	Both	Psychological	High	High										Significant privacy risk.			Original catalog
remote-camera-play	exhibitionism-voyeurism	Remote camera play	Exhibitionism & Voyeurism	Consensual live camera-based exhibitionism in trusted setting.	Both	Psychological	High	High										Privacy/platform risk.			Original catalog
public-risk-fantasy	exhibitionism-voyeurism	Public-risk fantasy	Exhibitionism & Voyeurism	Fantasy involving possibility of being seen without exposing bystanders.	Receiving	Psychological	Moderate-High	High										Keep actual bystanders out.			Original catalog
roleplay	roleplay-fantasy	Roleplay	Roleplay & Fantasy	Taking on fictional or situational roles for erotic/kinky play.	Both	Psychological/Roleplay	Variable	Low-Variable										Broad umbrella.			Original catalog
teacher-student-roleplay	roleplay-fantasy	Teacher/student roleplay	Roleplay & Fantasy	Adult roleplay using authority/learning dynamics.	Both	Psychological/Roleplay	Moderate	Low-Moderate										Adult participants only.			Original catalog
boss-employee-roleplay	roleplay-fantasy	Boss/employee roleplay	Roleplay & Fantasy	Adult workplace power-difference fantasy.	Both	Psychological/Roleplay	Moderate	Low-Moderate										Fantasy only.			Original catalog
doctor-patient-roleplay	roleplay-fantasy	Doctor/patient roleplay	Roleplay & Fantasy	Adult medical authority fantasy.	Both	Psychological/Roleplay	Moderate	Moderate										Fantasy, not treatment.			Original catalog
guard-prisoner-roleplay	roleplay-fantasy	Guard/prisoner roleplay	Roleplay & Fantasy	Confinement/authority fantasy.	Both	Psychological/Roleplay	High	High										Can overlap restraint/CNC.			Original catalog
interrogation-roleplay	roleplay-fantasy	Interrogation roleplay	Roleplay & Fantasy	Questioning/pressure/information-control fantasy.	Both	Psychological/Roleplay	High	High										Psychological intensity.			Original catalog
kidnap-fantasy	roleplay-fantasy	Kidnap fantasy	Roleplay & Fantasy	Consensual abduction/capture fantasy.	Both	Psychological/Roleplay	High	High										CNC-adjacent.			Original catalog
stranger-roleplay	roleplay-fantasy	Stranger roleplay	Roleplay & Fantasy	Partners act as if unfamiliar/meeting for first time.	Both	Psychological/Roleplay	Moderate	Low-Moderate											3Fun; KinkSheet; Tumblr 400+ list	https://www.go3fun.co/poly-blog/list-of-kinks/; https://kinksheet.com/; https://5ummit.tumblr.com/post/686429062096355328/list-of-400-kinks-tropes	Existing + sourced
royalty-servant-roleplay	roleplay-fantasy	Royalty/servant roleplay	Roleplay & Fantasy	Status hierarchy fantasy.	Both	Psychological/Roleplay	Low-Moderate	Low													Original catalog
knight-captive-roleplay	roleplay-fantasy	Knight/captive roleplay	Roleplay & Fantasy	Fantasy capture/protection hierarchy.	Both	Psychological/Roleplay	Moderate	Moderate													Original catalog
villain-hero-roleplay	roleplay-fantasy	Villain/hero roleplay	Roleplay & Fantasy	Power conflict fantasy.	Both	Psychological/Roleplay	Moderate	Moderate													Original catalog
trainer-trainee-roleplay	roleplay-fantasy	Trainer/trainee roleplay	Roleplay & Fantasy	Skill/discipline authority fantasy.	Both	Psychological/Roleplay	Moderate	Low-Moderate													Original catalog
owner-property-roleplay	roleplay-fantasy	Owner/property roleplay	Roleplay & Fantasy	Symbolic ownership fantasy within scene.	Both	Psychological/Roleplay	Moderate	Moderate													Original catalog
ageplay	roleplay-fantasy	Ageplay	Roleplay & Fantasy	Adults roleplaying an age different from their own.	Both	Psychological/Roleplay	Moderate	Moderate										Adults only.			Original catalog
adult-baby-diaper-lover-abdl	roleplay-fantasy	Adult baby / diaper lover (ABDL)	Roleplay & Fantasy	Adult-only regression, caretaking, diaper, or related fetish/roleplay.	Both	Psychological/Roleplay	Moderate	Moderate										Adult-only.			Original catalog
historical-roleplay	roleplay-fantasy	Historical roleplay	Roleplay & Fantasy	Adult fantasy using historical setting/status dynamics.	Both	Psychological/Roleplay	Low-Moderate	Low													Original catalog
fantasy-creature-roleplay	roleplay-fantasy	Fantasy creature roleplay	Roleplay & Fantasy	Adult roleplay as vampires, demons, elves, monsters, etc.	Both	Psychological/Roleplay	Low-Moderate	Low													Original catalog
vampire-play	roleplay-fantasy	Vampire play	Roleplay & Fantasy	Adult fantasy involving biting, seduction, predation, vampire aesthetics.	Both	Psychological/Roleplay	Moderate	Moderate										Avoid blood exposure unless managed.			Original catalog
monster-fantasy	roleplay-fantasy	Monster fantasy	Roleplay & Fantasy	Fantasy of nonhuman/monster power dynamics enacted by adults.	Receiving	Psychological/Roleplay	Moderate	Low-Moderate										Roleplay only.	KinkSheet; Tumblr 400+ list; TBô 2026 list	https://kinksheet.com/; https://5ummit.tumblr.com/post/686429062096355328/list-of-400-kinks-tropes; https://tbo.clothing/blogs/talk/kinks-list-2026-a-z-fetishes-psychology	Existing + sourced
rescue-fantasy	roleplay-fantasy	Rescue fantasy	Roleplay & Fantasy	One partner rescues/protects the other in a scripted scenario.	Both	Psychological/Roleplay	Low-Moderate	Low													Original catalog
consensual-non-consent-cnc	psychological-cnc	Consensual non-consent (CNC)	Psychological & CNC	Pre-negotiated adult roleplay involving simulated non-consent.	Both	Psychological	High	High										Robust consent planning required.			Original catalog
resistance-play	psychological-cnc	Resistance play	Psychological & CNC	Pre-negotiated verbal or physical resistance while actual consent remains intact.	Both	Psychological	High	High										Clear stop signals.			Original catalog
fear-play	psychological-cnc	Fear play	Psychological & CNC	Using controlled fear/adrenaline as part of consensual play.	Both	Psychological	High	High										Strong psychological effects.			Original catalog
threat-fantasy	psychological-cnc	Threat fantasy	Psychological & CNC	Consensual use of fictionalized threats within clear boundaries.	Both	Psychological	High	High										Avoid real-world leverage.			Original catalog
anticipation-play	psychological-cnc	Anticipation play	Psychological & CNC	Building tension by delaying what will happen next.	Both	Psychological	Low-Moderate	Low													Original catalog
uncertainty-play	psychological-cnc	Uncertainty play	Psychological & CNC	Receiver does not know which pre-approved option will occur.	Receiving	Psychological	Moderate	Moderate										Only negotiated menu.			Original catalog
mindfuck	psychological-cnc	Mindfuck	Psychological & CNC	Expectation/uncertainty/perceived-risk psychological play.	Both	Psychological	High	High										Trust/debriefing important.			Original catalog
fake-out	psychological-cnc	Fake-out	Psychological & CNC	Receiver expects one pre-approved thing, then another safely occurs.	Giving	Psychological	Moderate	Moderate										Do not fake emergencies.			Original catalog
interrogation	psychological-cnc	Interrogation	Psychological & CNC	Pressure to answer questions/follow rules in negotiated scene.	Both	Psychological	Moderate-High	Moderate-High										Avoid coercing real secrets.			Original catalog
confession-play	psychological-cnc	Confession play	Psychological & CNC	Prompting harmless admissions or 'offenses' within roleplay.	Receiving	Psychological	Moderate	Moderate										Avoid real sensitive disclosures.			Original catalog
forced-choice-game	psychological-cnc	Forced-choice game	Psychological & CNC	Receiver chooses between pre-approved outcomes.	Receiving	Psychological	Moderate	Moderate										All choices genuinely acceptable.			Original catalog
decision-denial	psychological-cnc	Decision denial	Psychological & CNC	Master makes selected harmless decisions for receiver.	Receiving	Psychological	Low-Moderate	Low										Keep essential autonomy intact.			Original catalog
decision-burden	psychological-cnc	Decision burden	Psychological & CNC	Receiver is required to make choices they would rather delegate.	Receiving	Psychological	Low-Moderate	Low										Can be disciplinary.			Original catalog
information-control	psychological-cnc	Information control	Psychological & CNC	One partner controls how much of harmless plan is revealed.	Receiving	Psychological	Moderate	Moderate										No safety-critical info withheld.			Original catalog
waiting-delayed-permission	psychological-cnc	Waiting / delayed permission	Psychological & CNC	Receiver waits for cue before harmless action.	Receiving	Psychological	Low-Moderate	Low										Bounded.			Original catalog
capture-fantasy	psychological-cnc	Capture fantasy	Psychological & CNC	Consensual fantasy of being caught or captured.	Receiving	Psychological	High	High										CNC-adjacent.			Original catalog
ownership-language	psychological-cnc	Ownership language	Psychological & CNC	Using possessive phrases like 'mine' within consensual dynamics.	Both	Psychological	Low	Low											3Fun; TBô 2026 list; Tumblr 400+ list	https://www.go3fun.co/poly-blog/list-of-kinks/; https://tbo.clothing/blogs/talk/kinks-list-2026-a-z-fetishes-psychology; https://5ummit.tumblr.com/post/686429062096355328/list-of-400-kinks-tropes	Existing + sourced
lingerie-fetish	clothing-gear-fetishwear	Lingerie fetish	Clothing, Gear & Fetishwear	Attraction to lingerie as clothing, aesthetic, or ritual.	Both	Aesthetic/Psychological	Low	Low													Original catalog
stockings-fetish	clothing-gear-fetishwear	Stockings fetish	Clothing, Gear & Fetishwear	Attraction to stockings/tights.	Both	Aesthetic/Psychological	Low	Low													Original catalog
pantyhose-fetish	clothing-gear-fetishwear	Pantyhose fetish	Clothing, Gear & Fetishwear	Attraction to pantyhose/tights material or look.	Both	Aesthetic/Psychological	Low	Low													Original catalog
uniform-fetish	clothing-gear-fetishwear	Uniform fetish	Clothing, Gear & Fetishwear	Attraction to uniforms or role-specific clothing.	Both	Aesthetic/Psychological	Low	Low													Original catalog
suit-fetish	clothing-gear-fetishwear	Suit fetish	Clothing, Gear & Fetishwear	Attraction to formal suits/businesswear.	Both	Aesthetic/Psychological	Low	Low													Original catalog
high-heels-fetish	clothing-gear-fetishwear	High heels fetish	Clothing, Gear & Fetishwear	Attraction to high heels or wearing them.	Both	Aesthetic/Psychological	Low-Moderate	Low-Moderate										Mobility/fall concerns.			Original catalog
boot-fetish	clothing-gear-fetishwear	Boot fetish	Clothing, Gear & Fetishwear	Attraction to boots.	Both	Aesthetic/Psychological	Low	Low													Original catalog
glove-fetish	clothing-gear-fetishwear	Glove fetish	Clothing, Gear & Fetishwear	Attraction to gloves/material-covered hands.	Both	Aesthetic/Psychological	Low	Low													Original catalog
corset-fetish	clothing-gear-fetishwear	Corset fetish	Clothing, Gear & Fetishwear	Attraction to corsets/tight-lacing aesthetics.	Both	Aesthetic/Psychological	Moderate	Moderate										Extreme tight-lacing can restrict breathing.			Original catalog
mask-fetish	clothing-gear-fetishwear	Mask fetish	Clothing, Gear & Fetishwear	Attraction to masks/hidden identity.	Both	Aesthetic/Psychological	Moderate	Moderate										Visibility/breathing.			Original catalog
hood-fetish	clothing-gear-fetishwear	Hood fetish	Clothing, Gear & Fetishwear	Attraction to bondage/fetish hoods.	Both	Aesthetic/Psychological	High	High										Breathing, heat, panic, visibility.			Original catalog
catsuit-bodysuit-fetish	clothing-gear-fetishwear	Catsuit / bodysuit fetish	Clothing, Gear & Fetishwear	Attraction to full-body fitted garments.	Both	Aesthetic/Psychological	Moderate	Moderate										Heat and mobility.			Original catalog
latex-catsuit	clothing-gear-fetishwear	Latex catsuit	Clothing, Gear & Fetishwear	Full-body latex fetishwear.	Both	Aesthetic/Psychological	Moderate	Moderate										Heat/allergy/dressing.			Original catalog
leather-gear	clothing-gear-fetishwear	Leather gear	Clothing, Gear & Fetishwear	Harnesses, pants, vests, other leather fetishwear.	Both	Aesthetic/Psychological	Low-Moderate	Low													Original catalog
crossdressing	clothing-gear-fetishwear	Crossdressing	Clothing, Gear & Fetishwear	Wearing clothing culturally associated with another gender expression.	Both	Aesthetic/Psychological	Low	Low										May be identity, aesthetic, or kink.			Original catalog
forced-feminization-fantasy	clothing-gear-fetishwear	Forced-feminization fantasy	Clothing, Gear & Fetishwear	Consensual adult roleplay involving imposed feminine presentation.	Both	Aesthetic/Psychological	Moderate-High	Moderate										Psychological limits matter.			Original catalog
forced-masculinization-fantasy	clothing-gear-fetishwear	Forced-masculinization fantasy	Clothing, Gear & Fetishwear	Consensual adult roleplay involving imposed masculine presentation.	Both	Aesthetic/Psychological	Moderate-High	Moderate										Psychological limits matter.			Original catalog
clothing-control	clothing-gear-fetishwear	Clothing control	Clothing, Gear & Fetishwear	One partner chooses/restricts selected clothing within agreed scope.	Both	Aesthetic/Psychological	Low-Moderate	Low										Practical needs exempt.			Original catalog
underwear-control	clothing-gear-fetishwear	Underwear control	Clothing, Gear & Fetishwear	Rules about underwear choice within power exchange.	Receiving	Aesthetic/Psychological	Low-Moderate	Low										Comfort/hygiene exempt.			Original catalog
nudity-control	clothing-gear-fetishwear	Nudity control	Clothing, Gear & Fetishwear	One partner controls nudity in private consensual settings.	Receiving	Aesthetic/Psychological	Moderate	Moderate										Privacy/temperature.			Original catalog
choker-fetish	clothing-gear-fetishwear	Choker fetish	Clothing, Gear & Fetishwear	Attraction to chokers/collar-like neckwear.	Both	Aesthetic/Psychological	Low	Low										Avoid tight pressure.			Original catalog
fishnet-fetish	clothing-gear-fetishwear	Fishnet fetish	Clothing, Gear & Fetishwear	Attraction to fishnet clothing/material.	Both	Aesthetic/Psychological	Low	Low													Original catalog
pvc-vinyl-fetish	clothing-gear-fetishwear	PVC / vinyl fetish	Clothing, Gear & Fetishwear	Attraction to shiny vinyl/PVC clothing or texture.	Both	Aesthetic/Psychological	Low	Low-Moderate										Heat/skin comfort.			Original catalog
denim-fetish	clothing-gear-fetishwear	Denim fetish	Clothing, Gear & Fetishwear	Attraction to denim clothing/texture.	Both	Aesthetic/Psychological	Low	Low													Original catalog
sportswear-fetish	clothing-gear-fetishwear	Sportswear fetish	Clothing, Gear & Fetishwear	Attraction to athletic clothing/uniforms.	Both	Aesthetic/Psychological	Low	Low											3Fun; Tumblr 400+ list; KinkSheet; TBô 2026 list	https://www.go3fun.co/poly-blog/list-of-kinks/; https://5ummit.tumblr.com/post/686429062096355328/list-of-400-kinks-tropes; https://kinksheet.com/; https://tbo.clothing/blogs/talk/kinks-list-2026-a-z-fetishes-psychology	Existing + sourced
foot-fetish	body-part-sensory-fetishes	Foot fetish	Body-Part & Sensory Fetishes	Erotic attraction to feet.	Both	Aesthetic/Sensory	Low	Low													Original catalog
shoe-fetish	body-part-sensory-fetishes	Shoe fetish	Body-Part & Sensory Fetishes	Erotic attraction to footwear.	Both	Aesthetic/Sensory	Low	Low													Original catalog
leg-fetish	body-part-sensory-fetishes	Leg fetish	Body-Part & Sensory Fetishes	Erotic attraction to legs.	Both	Aesthetic/Sensory	Low	Low													Original catalog
thigh-fetish	body-part-sensory-fetishes	Thigh fetish	Body-Part & Sensory Fetishes	Erotic attraction to thighs.	Both	Aesthetic/Sensory	Low	Low													Original catalog
hand-fetish	body-part-sensory-fetishes	Hand fetish	Body-Part & Sensory Fetishes	Erotic attraction to hands/fingers.	Both	Aesthetic/Sensory	Low	Low													Original catalog
armpit-fetish	body-part-sensory-fetishes	Armpit fetish	Body-Part & Sensory Fetishes	Erotic attraction to armpits/scent/appearance.	Both	Aesthetic/Sensory	Low	Low													Original catalog
hair-fetish	body-part-sensory-fetishes	Hair fetish	Body-Part & Sensory Fetishes	Erotic attraction to hair, styling, texture, or handling.	Both	Aesthetic/Sensory	Low	Low													Original catalog
body-hair-fetish	body-part-sensory-fetishes	Body-hair fetish	Body-Part & Sensory Fetishes	Erotic attraction to body hair.	Both	Aesthetic/Sensory	Low	Low													Original catalog
muscle-fetish	body-part-sensory-fetishes	Muscle fetish	Body-Part & Sensory Fetishes	Erotic attraction to muscularity.	Both	Aesthetic/Sensory	Low	Low													Original catalog
belly-fetish	body-part-sensory-fetishes	Belly fetish	Body-Part & Sensory Fetishes	Erotic attraction to stomach/belly appearance or touch.	Both	Aesthetic/Sensory	Low	Low													Original catalog
breast-fetish	body-part-sensory-fetishes	Breast fetish	Body-Part & Sensory Fetishes	Strong erotic focus on breasts/chest.	Both	Aesthetic/Sensory	Low	Low													Original catalog
butt-fetish	body-part-sensory-fetishes	Butt fetish	Body-Part & Sensory Fetishes	Strong erotic focus on buttocks.	Both	Aesthetic/Sensory	Low	Low													Original catalog
neck-fetish	body-part-sensory-fetishes	Neck fetish	Body-Part & Sensory Fetishes	Erotic focus on neck appearance/touch.	Both	Aesthetic/Sensory	Low-Moderate	Moderate										Avoid dangerous neck pressure.			Original catalog
back-fetish	body-part-sensory-fetishes	Back fetish	Body-Part & Sensory Fetishes	Erotic focus on the back/body line.	Both	Aesthetic/Sensory	Low	Low													Original catalog
voice-fetish	body-part-sensory-fetishes	Voice fetish	Body-Part & Sensory Fetishes	Erotic attraction to particular voices/tones.	Both	Aesthetic/Sensory	Low	Low													Original catalog
scent-fetish	body-part-sensory-fetishes	Scent fetish	Body-Part & Sensory Fetishes	Erotic attraction to body scent or specific smells.	Both	Aesthetic/Sensory	Low	Low													Original catalog
glasses-fetish	body-part-sensory-fetishes	Glasses fetish	Body-Part & Sensory Fetishes	Attraction to glasses/eyewear aesthetic.	Both	Aesthetic/Sensory	Low	Low													Original catalog
freckles-fetish	body-part-sensory-fetishes	Freckles fetish	Body-Part & Sensory Fetishes	Strong attraction to freckles.	Both	Aesthetic/Sensory	Low	Low													Original catalog
tattoo-fetish	body-part-sensory-fetishes	Tattoo fetish	Body-Part & Sensory Fetishes	Erotic attraction to tattoos/body art.	Both	Aesthetic/Sensory	Low	Low													Original catalog
piercing-fetish	body-part-sensory-fetishes	Piercing fetish	Body-Part & Sensory Fetishes	Erotic attraction to body piercings.	Both	Aesthetic/Sensory	Low	Low													Original catalog
foot-worship	body-part-sensory-fetishes	Foot worship	Body-Part & Sensory Fetishes	Reverential attention to feet within fetish/power exchange.	Receiving	Aesthetic/Sensory	Low	Low													Original catalog
body-worship	body-part-sensory-fetishes	Body worship	Body-Part & Sensory Fetishes	Reverential attention to a partner's body.	Both	Aesthetic/Sensory	Low	Low													Original catalog
messy-play	mess-body-fluid-adjacent	Messy play	Mess & Body-Fluid Adjacent	Enjoyment of consensual mess, residue, or tactile disorder.	Both	Sensory/Psychological	Variable	Low-Variable										Choose body-safe materials.			Original catalog
food-texture-play	mess-body-fluid-adjacent	Food texture play	Mess & Body-Fluid Adjacent	Using safe food textures on hands/body as sensory play.	Both	Sensory/Psychological	Low-Moderate	Low-Moderate										Allergy/hygiene considerations.			Original catalog
sticky-sensation-play	mess-body-fluid-adjacent	Sticky sensation play	Mess & Body-Fluid Adjacent	Using body-safe sticky textures as controlled sensation.	Both	Sensory/Psychological	Low-Moderate	Low-Moderate										Avoid eyes/airways.			Original catalog
mud-play	mess-body-fluid-adjacent	Mud play	Mess & Body-Fluid Adjacent	Using clean/appropriate mud-like materials for tactile mess.	Both	Sensory/Psychological	Moderate	Moderate										Skin/hygiene/environment.			Original catalog
paint-body-paint-play	mess-body-fluid-adjacent	Paint / body-paint play	Mess & Body-Fluid Adjacent	Applying body-safe paint for marking/aesthetic sensation.	Both	Sensory/Psychological	Low-Moderate	Low										Skin-safe products.			Original catalog
spit-kink	mess-body-fluid-adjacent	Spit kink	Mess & Body-Fluid Adjacent	Erotic interest involving consensual saliva exchange or symbolism.	Both	Sensory/Psychological	Moderate	Moderate										Infection/hygiene considerations.			Original catalog
sweat-kink	mess-body-fluid-adjacent	Sweat kink	Mess & Body-Fluid Adjacent	Erotic interest in sweat, scent, or post-exertion body state.	Both	Sensory/Psychological	Low	Low													Original catalog
medical-roleplay	medical-clinical-kinks	Medical roleplay	Medical & Clinical Kinks	Adult roleplay using medical setting/authority aesthetics.	Both	Physical/Psychological	Moderate	Moderate										Keep fantasy separate from real treatment.			Original catalog
examination-roleplay	medical-clinical-kinks	Examination roleplay	Medical & Clinical Kinks	Consensual pretend examination as authority/vulnerability play.	Both	Physical/Psychological	Moderate	Moderate													Original catalog
clinical-restraint-aesthetic	medical-clinical-kinks	Clinical restraint aesthetic	Medical & Clinical Kinks	Medical-looking restraints/setting for roleplay.	Both	Physical/Psychological	Moderate	Moderate										Restraint safety applies.			Original catalog
temperature-taking-roleplay	medical-clinical-kinks	Temperature-taking roleplay	Medical & Clinical Kinks	Benign examination ritual within adult roleplay.	Both	Physical/Psychological	Low	Low										Use safe devices.			Original catalog
bandage-patient-roleplay	medical-clinical-kinks	Bandage / patient roleplay	Medical & Clinical Kinks	Caretaking or vulnerability roleplay with bandages/props.	Both	Physical/Psychological	Low	Low										Do not interfere with actual injuries.			Original catalog
needle-play	medical-clinical-kinks	Needle play	Medical & Clinical Kinks	Intentional skin penetration with sterile needles as specialty BDSM.	Both	Physical/Psychological	High	High										Advanced infection/bloodborne-pathogen risk.			Original catalog
staple-piercing-play	medical-clinical-kinks	Staple / piercing play	Medical & Clinical Kinks	Temporary piercing/staple-style body play.	Both	Physical/Psychological	High	High										Advanced sterile technique required.			Original catalog
breath-play-fantasy	edge-play-high-risk-specialty	Breath-play fantasy	Edge Play / High-Risk Specialty	Erotic interest in breath-control themes or simulated loss of breath.	Both	Physical/Psychological	High	High										Actual oxygen restriction can cause sudden injury/death.			Original catalog
choking-fantasy	edge-play-high-risk-specialty	Choking fantasy	Edge Play / High-Risk Specialty	Erotic fantasy involving neck-control imagery or roleplay.	Both	Physical/Psychological	High	High										Actual neck compression is high risk.			Original catalog
suffocation-fantasy	edge-play-high-risk-specialty	Suffocation fantasy	Edge Play / High-Risk Specialty	Fantasy involving inability to breathe, typically simulated.	Both	Physical/Psychological	High	High										Actual airway obstruction is dangerous.			Original catalog
knife-play	edge-play-high-risk-specialty	Knife play	Edge Play / High-Risk Specialty	Using a knife/blade as fear/sensation prop without cutting.	Both	Physical/Psychological	High	High										High consequence for slips.			Original catalog
blade-sensation	edge-play-high-risk-specialty	Blade sensation	Edge Play / High-Risk Specialty	Using a blunt/controlled edge sensation rather than cutting.	Both	Physical/Psychological	High	High										Extreme care.			Original catalog
fire-play	edge-play-high-risk-specialty	Fire play	Edge Play / High-Risk Specialty	Controlled flame/heat proximity as specialty sensation play.	Both	Physical/Psychological	High	High										Burn/fire risk; specialist skill.			Original catalog
scarification	edge-play-high-risk-specialty	Scarification	Edge Play / High-Risk Specialty	Intentional permanent scarring as body-modification kink.	Both	Physical/Psychological	High	High										Permanent injury/infection risk.			Original catalog
forced-exercise	endurance-positioning	Forced exercise	Endurance & Positioning	Consensual exercise assigned as discipline or control.	Receiving	Physical/Psychological	Moderate	Moderate										Health/fitness limits matter.			Original catalog
wall-sit	endurance-positioning	Wall sit	Endurance & Positioning	Static leg endurance position.	Receiving	Physical/Psychological	Moderate	Moderate										Stop for sharp pain/dizziness.			Original catalog
squat-hold	endurance-positioning	Squat hold	Endurance & Positioning	Static squat position used as endurance.	Receiving	Physical/Psychological	Moderate	Moderate										Knee/back limits.			Original catalog
plank-hold	endurance-positioning	Plank hold	Endurance & Positioning	Static core endurance position.	Receiving	Physical/Psychological	Moderate	Moderate										Shoulder/back limits.			Original catalog
kneeling-endurance	endurance-positioning	Kneeling endurance	Endurance & Positioning	Remaining kneeling for an agreed period.	Receiving	Physical/Psychological	Moderate	Moderate										Protect knees.			Original catalog
standing-still	endurance-positioning	Standing still	Endurance & Positioning	Maintaining stillness as discipline/protocol.	Receiving	Physical/Psychological	Low-Moderate	Low-Moderate										Avoid fainting/locking knees.			Original catalog
hands-behind-back-posture	endurance-positioning	Hands-behind-back posture	Endurance & Positioning	Holding a submissive posture without restraint.	Receiving	Physical/Psychological	Low	Low										Shoulder comfort.			Original catalog
corner-posture	endurance-positioning	Corner posture	Endurance & Positioning	Standing in chosen posture facing corner/wall.	Receiving	Physical/Psychological	Low	Low										Psychological.			Original catalog
stress-position-play	endurance-positioning	Stress-position play	Endurance & Positioning	Holding deliberately tiring positions within safe limits.	Receiving	Physical/Psychological	High	High										Joint/nerve injury risk.			Original catalog
balance-challenge	endurance-positioning	Balance challenge	Endurance & Positioning	Holding a safe balance/posture task under observation.	Receiving	Physical/Psychological	Moderate	Moderate										Avoid fall hazards.			Original catalog
stillness-challenge	endurance-positioning	Stillness challenge	Endurance & Positioning	Remaining motionless during mild agreed sensation.	Receiving	Physical/Psychological	Moderate	Moderate										Safety movement always allowed.			Original catalog
cognitive-task-play	cognitive-competence-play	Cognitive task play	Cognitive & Competence Play	Using puzzles, research, or mental tasks within a scene.	Receiving	Psychological/Cognitive	Low-Moderate	Low													Original catalog
timed-research-assignment	cognitive-competence-play	Timed research assignment	Cognitive & Competence Play	Researching a harmless topic under a time limit.	Receiving	Psychological/Cognitive	Low-Moderate	Low													Original catalog
presentation-task	cognitive-competence-play	Presentation task	Cognitive & Competence Play	Giving a short presentation for evaluation.	Receiving	Psychological/Cognitive	Low-Moderate	Low													Original catalog
oral-examination	cognitive-competence-play	Oral examination	Cognitive & Competence Play	Answering questions under scrutiny within roleplay.	Receiving	Psychological/Cognitive	Moderate	Low-Moderate													Original catalog
closed-book-quiz	cognitive-competence-play	Closed-book quiz	Cognitive & Competence Play	Answering from memory without references.	Receiving	Psychological/Cognitive	Low-Moderate	Low													Original catalog
precision-writing-task	cognitive-competence-play	Precision writing task	Cognitive & Competence Play	Writing neatly or to exact rules under observation.	Receiving	Psychological/Cognitive	Low	Low													Original catalog
lines-under-distraction	cognitive-competence-play	Lines under distraction	Cognitive & Competence Play	Writing repeated lines while dealing with benign distractions.	Receiving	Psychological/Cognitive	Moderate	Low-Moderate													Original catalog
limited-question-task	cognitive-competence-play	Limited-question task	Cognitive & Competence Play	Allowed only a set number of clarification questions.	Receiving	Psychological/Cognitive	Moderate	Low													Original catalog
no-revision-challenge	cognitive-competence-play	No-revision challenge	Cognitive & Competence Play	Submitting a harmless task without revising after completion.	Receiving	Psychological/Cognitive	Low-Moderate	Low													Original catalog
good-enough-stopping-rule	cognitive-competence-play	Good-enough stopping rule	Cognitive & Competence Play	Must stop optimizing when told task is sufficient.	Receiving	Psychological/Cognitive	Low-Moderate	Low													Original catalog
inefficient-method-rule	cognitive-competence-play	Inefficient-method rule	Cognitive & Competence Play	Required to use intentionally suboptimal harmless method.	Receiving	Psychological/Cognitive	Low-Moderate	Low													Original catalog
sequential-only-rule	cognitive-competence-play	Sequential-only rule	Cognitive & Competence Play	Must complete one step at a time instead of batching.	Receiving	Psychological/Cognitive	Low	Low													Original catalog
wait-for-next-step-protocol	cognitive-competence-play	Wait-for-next-step protocol	Cognitive & Competence Play	Master reveals instructions one step at a time.	Receiving	Psychological/Cognitive	Low-Moderate	Low													Original catalog
decision-memo	cognitive-competence-play	Decision memo	Cognitive & Competence Play	Receiver must make and defend a low-stakes choice.	Receiving	Psychological/Cognitive	Moderate	Low													Original catalog
defend-the-opposite-exercise	cognitive-competence-play	Defend-the-opposite exercise	Cognitive & Competence Play	Argue a harmless position opposite first preference.	Receiving	Psychological/Cognitive	Low-Moderate	Low													Original catalog
explain-it-simply-challenge	cognitive-competence-play	Explain-it-simply challenge	Cognitive & Competence Play	Explain a complex concept in a strict simple format.	Receiving	Psychological/Cognitive	Low-Moderate	Low													Original catalog
asymmetry-play	asymmetry-incompleteness-irritation	Asymmetry play	Asymmetry, Incompleteness & Irritation	Creating a deliberately uneven sensory or visual state.	Receiving	Sensory/Psychological	Low-Moderate	Low													Original catalog
one-sock-asymmetry	asymmetry-incompleteness-irritation	One-sock asymmetry	Asymmetry, Incompleteness & Irritation	One sock on/one off or mismatched sock state.	Receiving	Sensory/Psychological	Low	Low													Original catalog
clothing-asymmetry	asymmetry-incompleteness-irritation	Clothing asymmetry	Asymmetry, Incompleteness & Irritation	One sleeve/cuff/side deliberately different.	Receiving	Sensory/Psychological	Low	Low													Original catalog
one-sided-sensation	asymmetry-incompleteness-irritation	One-sided sensation	Asymmetry, Incompleteness & Irritation	Applying agreed sensation to one side only.	Receiving	Sensory/Psychological	Variable	Variable										Do not over-concentrate physical impact.			Original catalog
incomplete-task-play	asymmetry-incompleteness-irritation	Incomplete-task play	Asymmetry, Incompleteness & Irritation	Leaving harmless task deliberately unfinished.	Receiving	Sensory/Psychological	Low	Low													Original catalog
broken-symmetry-arrangement	asymmetry-incompleteness-irritation	Broken-symmetry arrangement	Asymmetry, Incompleteness & Irritation	Leaving one object/pattern intentionally out of alignment.	Receiving	Sensory/Psychological	Low	Low													Original catalog
delayed-correction	asymmetry-incompleteness-irritation	Delayed correction	Asymmetry, Incompleteness & Irritation	Receiver waits before fixing harmless wrongness.	Receiving	Sensory/Psychological	Low-Moderate	Low										Bounded endpoint.			Original catalog
sticky-hands-delay	asymmetry-incompleteness-irritation	Sticky-hands delay	Asymmetry, Incompleteness & Irritation	Briefly delaying cleanup of harmless sticky residue.	Receiving	Sensory/Psychological	Low	Low										Skin-safe materials.			Original catalog
wet-sock-aversion	asymmetry-incompleteness-irritation	Wet-sock aversion	Asymmetry, Incompleteness & Irritation	Briefly wearing clean damp sock as sensory aversion.	Receiving	Sensory/Psychological	Low-Moderate	Low										Short duration.			Original catalog
wrinkled-fabric-aversion	asymmetry-incompleteness-irritation	Wrinkled-fabric aversion	Asymmetry, Incompleteness & Irritation	Deliberately uneven/wrinkled clothing or towel sensation.	Receiving	Sensory/Psychological	Low	Low													Original catalog
pampering-kink	caretaking-reward-oriented	Pampering kink	Caretaking & Reward-Oriented	Enjoyment of being deliberately spoiled or cared for.	Receiving	Relational/Psychological	Low	Low													Original catalog
massage-as-reward	caretaking-reward-oriented	Massage as reward	Caretaking & Reward-Oriented	Massage used as intentional praise/reward.	Receiving	Relational/Psychological	Low	Low													Original catalog
hair-brushing-grooming	caretaking-reward-oriented	Hair brushing / grooming	Caretaking & Reward-Oriented	Grooming as intimacy, pet play, or reward.	Both	Relational/Psychological	Low	Low													Original catalog
bathing-washing-service	caretaking-reward-oriented	Bathing / washing service	Caretaking & Reward-Oriented	Partner prepares bath or helps wash/groom.	Both	Relational/Psychological	Low	Low													Original catalog
feeding-being-fed	caretaking-reward-oriented	Feeding / being fed	Caretaking & Reward-Oriented	Consensual caretaking around food presentation or feeding.	Both	Relational/Psychological	Low	Low										Never restrict necessary food/hydration.			Original catalog
blanket-nest-preparation	caretaking-reward-oriented	Blanket / nest preparation	Caretaking & Reward-Oriented	Preparing sensory-comfort space as caretaking.	Giving	Relational/Psychological	Low	Low													Original catalog
being-dressed	caretaking-reward-oriented	Being dressed	Caretaking & Reward-Oriented	Partner helps choose or put on clothing as care/control.	Receiving	Relational/Psychological	Low	Low													Original catalog
aftercare-ritual	caretaking-reward-oriented	Aftercare ritual	Caretaking & Reward-Oriented	Intentional post-scene comfort, grounding, reconnection.	Both	Relational/Psychological	Low	Low													Original catalog
service-receiving	caretaking-reward-oriented	Service receiving	Caretaking & Reward-Oriented	Enjoyment of having consensual acts of care/service performed.	Receiving	Relational/Psychological	Low	Low													Original catalog
spoiling-princess-treatment	caretaking-reward-oriented	Spoiling / princess treatment	Caretaking & Reward-Oriented	Deliberate indulgence, attention, and care as relational kink.	Receiving	Relational/Psychological	Low	Low													Original catalog
praise-ritual	caretaking-reward-oriented	Praise ritual	Caretaking & Reward-Oriented	Formal praise delivered at specific time or after task.	Receiving	Relational/Psychological	Low	Low													Original catalog
reward-ritual	caretaking-reward-oriented	Reward ritual	Caretaking & Reward-Oriented	Formal ceremony/phrase used when giving reward.	Both	Relational/Psychological	Low	Low													Original catalog
rigger	miscellaneous-meta-kink	Rigger	Miscellaneous & Meta-Kink	Enjoyment/identity centered on tying or restraining others.	Giving	Psychological/Relational	Variable	Variable										Often rope-specific.			Original catalog
rope-bunny	miscellaneous-meta-kink	Rope bunny	Miscellaneous & Meta-Kink	Enjoyment/identity centered on being tied.	Receiving	Psychological/Relational	Variable	Variable										Often rope-specific.			Original catalog
top	miscellaneous-meta-kink	Top	Miscellaneous & Meta-Kink	Person who performs an activity, not necessarily dominant relationally.	Giving	Psychological/Relational	Variable	Low										Role term.			Original catalog
bottom	miscellaneous-meta-kink	Bottom	Miscellaneous & Meta-Kink	Person who receives an activity, not necessarily submissive relationally.	Receiving	Psychological/Relational	Variable	Low										Role term.			Original catalog
service-top	miscellaneous-meta-kink	Service top	Miscellaneous & Meta-Kink	Top who enjoys giving sensation/service primarily for partner's pleasure.	Giving	Psychological/Relational	Variable	Low													Original catalog
service-submissive	miscellaneous-meta-kink	Service submissive	Miscellaneous & Meta-Kink	Submissive who expresses submission through service.	Receiving	Psychological/Relational	Variable	Low													Original catalog
sensory-seeker	miscellaneous-meta-kink	Sensory seeker	Miscellaneous & Meta-Kink	Enjoyment of strong or varied sensory input in kink contexts.	Receiving	Psychological/Relational	Variable	Variable										Useful profile dimension.			Original catalog
experimentalism	miscellaneous-meta-kink	Experimentalism	Miscellaneous & Meta-Kink	Enjoyment of trying new consensual activities and novelty.	Both	Psychological/Relational	Variable	Variable													Original catalog
gear-enthusiasm	miscellaneous-meta-kink	Gear enthusiasm	Miscellaneous & Meta-Kink	Enjoyment of acquiring, organizing, or using kink gear.	Both	Psychological/Relational	Low	Low													Original catalog
scene-ritual	miscellaneous-meta-kink	Scene ritual	Miscellaneous & Meta-Kink	Enjoyment of formal beginnings/endings, setup, repeated structure.	Both	Psychological/Relational	Low	Low													Original catalog
safeword-ritual	miscellaneous-meta-kink	Safeword ritual	Miscellaneous & Meta-Kink	Explicit negotiation/stop-language as part of structured play.	Both	Psychological/Relational	Low	Low										Safety practice.			Original catalog
reward-punishment-system	miscellaneous-meta-kink	Reward/punishment system	Miscellaneous & Meta-Kink	Behavioral structure using agreed rewards/consequences.	Both	Psychological/Relational	Variable	Variable										Consensual and bounded.			Original catalog
demerit-point-system	miscellaneous-meta-kink	Demerit / point system	Miscellaneous & Meta-Kink	Tracking behavior with points mapped to agreed outcomes.	Both	Psychological/Relational	Low	Low										Avoid infinite debt/stress.			Original catalog
randomizer-play	miscellaneous-meta-kink	Randomizer play	Miscellaneous & Meta-Kink	Using chance/random selection among pre-approved activities.	Both	Psychological/Relational	Variable	Variable													Original catalog
wheel-of-fate-play	miscellaneous-meta-kink	Wheel-of-fate play	Miscellaneous & Meta-Kink	Using spinner/wheel to select pre-negotiated options.	Both	Psychological/Relational	Variable	Variable													Original catalog
rule-making	miscellaneous-meta-kink	Rule-making	Miscellaneous & Meta-Kink	Enjoyment of creating consensual rules/protocols.	Giving	Psychological/Relational	Low	Low													Original catalog
rule-following	miscellaneous-meta-kink	Rule-following	Miscellaneous & Meta-Kink	Enjoyment of having clear consensual rules to follow.	Receiving	Psychological/Relational	Low	Low													Original catalog
gamification	miscellaneous-meta-kink	Gamification	Miscellaneous & Meta-Kink	Using points, streaks, cards, dice, or challenges in kink systems.	Both	Psychological/Relational	Low	Low													Original catalog
dice-chance-play	miscellaneous-meta-kink	Dice / chance play	Miscellaneous & Meta-Kink	Using dice to choose among pre-approved outcomes.	Both	Psychological/Relational	Variable	Variable													Original catalog
card-draw-play	miscellaneous-meta-kink	Card-draw play	Miscellaneous & Meta-Kink	Drawing cards to select tasks, rewards, consequences.	Both	Psychological/Relational	Variable	Variable													Original catalog
anal-sex	sexual-activities-techniques	Anal sex	Sexual Activities & Techniques	Consensual anal penetration as a sexual activity.	Both	Physical/Sexual	Variable	Moderate										Adult consensual activity; individual anatomy and health considerations vary.	Tumblr 400+ list; KinkSheet	https://5ummit.tumblr.com/post/686429062096355328/list-of-400-kinks-tropes; https://kinksheet.com/	Added Sep 2026
fellatio-blowjob	sexual-activities-techniques	Fellatio / blowjob	Sexual Activities & Techniques	Oral stimulation of a penis.	Both	Physical/Sexual	Variable	Low-Moderate										Adult consensual activity; individual anatomy and health considerations vary.	Tumblr 400+ list; KinkSheet	https://5ummit.tumblr.com/post/686429062096355328/list-of-400-kinks-tropes; https://kinksheet.com/	Added Sep 2026
cunnilingus	sexual-activities-techniques	Cunnilingus	Sexual Activities & Techniques	Oral stimulation of a vulva.	Both	Physical/Sexual	Variable	Low-Moderate										Adult consensual activity; individual anatomy and health considerations vary.	Tumblr 400+ list; KinkSheet	https://5ummit.tumblr.com/post/686429062096355328/list-of-400-kinks-tropes; https://kinksheet.com/	Added Sep 2026
deep-throat-play	sexual-activities-techniques	Deep-throat play	Sexual Activities & Techniques	Oral play centered on deeper penetration and gag-reflex intensity.	Both	Physical/Sexual	Variable	Moderate										Adult consensual activity; individual anatomy and health considerations vary.	Tumblr 400+ list; KinkSheet	https://5ummit.tumblr.com/post/686429062096355328/list-of-400-kinks-tropes; https://kinksheet.com/	Added Sep 2026
face-sitting	sexual-activities-techniques	Face-sitting	Sexual Activities & Techniques	One partner sits or hovers over the other's face as an oral-sex / power-position activity.	Both	Physical/Sexual	Variable	Moderate										Adult consensual activity; individual anatomy and health considerations vary.	Tumblr 400+ list; KinkSheet	https://5ummit.tumblr.com/post/686429062096355328/list-of-400-kinks-tropes; https://kinksheet.com/	Added Sep 2026
hand-stimulation-handjob	sexual-activities-techniques	Hand stimulation / handjob	Sexual Activities & Techniques	Manual genital stimulation.	Both	Physical/Sexual	Variable	Low										Adult consensual activity; individual anatomy and health considerations vary.	Tumblr 400+ list; KinkSheet	https://5ummit.tumblr.com/post/686429062096355328/list-of-400-kinks-tropes; https://kinksheet.com/	Added Sep 2026
vaginal-fingering	sexual-activities-techniques	Vaginal fingering	Sexual Activities & Techniques	Manual vaginal stimulation.	Both	Physical/Sexual	Variable	Low										Adult consensual activity; individual anatomy and health considerations vary.	Tumblr 400+ list; KinkSheet	https://5ummit.tumblr.com/post/686429062096355328/list-of-400-kinks-tropes; https://kinksheet.com/	Added Sep 2026
anal-fingering	sexual-activities-techniques	Anal fingering	Sexual Activities & Techniques	Manual anal stimulation.	Both	Physical/Sexual	Variable	Low-Moderate										Adult consensual activity; individual anatomy and health considerations vary.	Tumblr 400+ list; KinkSheet	https://5ummit.tumblr.com/post/686429062096355328/list-of-400-kinks-tropes; https://kinksheet.com/	Added Sep 2026
vaginal-fisting	sexual-activities-techniques	Vaginal fisting	Sexual Activities & Techniques	Hand insertion as an advanced penetration activity.	Both	Physical/Sexual	Variable	High										Adult consensual activity; individual anatomy and health considerations vary.	Tumblr 400+ list; KinkSheet	https://5ummit.tumblr.com/post/686429062096355328/list-of-400-kinks-tropes; https://kinksheet.com/	Added Sep 2026
anal-fisting	sexual-activities-techniques	Anal fisting	Sexual Activities & Techniques	Hand insertion as an advanced anal activity.	Both	Physical/Sexual	Variable	High										Adult consensual activity; individual anatomy and health considerations vary.	Tumblr 400+ list; KinkSheet	https://5ummit.tumblr.com/post/686429062096355328/list-of-400-kinks-tropes; https://kinksheet.com/	Added Sep 2026
pegging	sexual-activities-techniques	Pegging	Sexual Activities & Techniques	Strap-on anal penetration, commonly with a receiver who does not have a vagina.	Both	Physical/Sexual	Variable	Moderate										Adult consensual activity; individual anatomy and health considerations vary.	Tumblr 400+ list; KinkSheet	https://5ummit.tumblr.com/post/686429062096355328/list-of-400-kinks-tropes; https://kinksheet.com/	Added Sep 2026
rimming-anilingus	sexual-activities-techniques	Rimming / anilingus	Sexual Activities & Techniques	Oral stimulation of the anus.	Both	Physical/Sexual	Variable	Moderate										Adult consensual activity; individual anatomy and health considerations vary.	Tumblr 400+ list; KinkSheet	https://5ummit.tumblr.com/post/686429062096355328/list-of-400-kinks-tropes; https://kinksheet.com/	Added Sep 2026
69	sexual-activities-techniques	69	Sexual Activities & Techniques	Mutual oral stimulation at the same time.	Both	Physical/Sexual	Variable	Low-Moderate										Adult consensual activity; individual anatomy and health considerations vary.	Tumblr 400+ list; KinkSheet	https://5ummit.tumblr.com/post/686429062096355328/list-of-400-kinks-tropes; https://kinksheet.com/	Added Sep 2026
mutual-masturbation	sexual-activities-techniques	Mutual masturbation	Sexual Activities & Techniques	Partners masturbate together or in view of one another.	Both	Physical/Sexual	Variable	Low										Adult consensual activity; individual anatomy and health considerations vary.	Tumblr 400+ list; KinkSheet	https://5ummit.tumblr.com/post/686429062096355328/list-of-400-kinks-tropes; https://kinksheet.com/	Added Sep 2026
partner-watched-masturbation	sexual-activities-techniques	Partner-watched masturbation	Sexual Activities & Techniques	One partner masturbates while the other consensually watches.	Both	Physical/Sexual	Variable	Low										Adult consensual activity; individual anatomy and health considerations vary.	Tumblr 400+ list; KinkSheet	https://5ummit.tumblr.com/post/686429062096355328/list-of-400-kinks-tropes; https://kinksheet.com/	Added Sep 2026
double-penetration	sexual-activities-techniques	Double penetration	Sexual Activities & Techniques	Simultaneous penetration involving two points of penetration or multiple partners/toys.	Both	Physical/Sexual	Variable	High										Adult consensual activity; individual anatomy and health considerations vary.	Tumblr 400+ list; KinkSheet	https://5ummit.tumblr.com/post/686429062096355328/list-of-400-kinks-tropes; https://kinksheet.com/	Added Sep 2026
strap-on-play	sexual-activities-techniques	Strap-on play	Sexual Activities & Techniques	Use of a strap-on for penetration or power-role play.	Both	Physical/Sexual	Variable	Moderate										Adult consensual activity; individual anatomy and health considerations vary.	Tumblr 400+ list; KinkSheet	https://5ummit.tumblr.com/post/686429062096355328/list-of-400-kinks-tropes; https://kinksheet.com/	Added Sep 2026
tribadism-scissoring	sexual-activities-techniques	Tribadism / scissoring	Sexual Activities & Techniques	Genital-to-genital rubbing between vulva-owning partners.	Both	Physical/Sexual	Variable	Low										Adult consensual activity; individual anatomy and health considerations vary.	Tumblr 400+ list; KinkSheet	https://5ummit.tumblr.com/post/686429062096355328/list-of-400-kinks-tropes; https://kinksheet.com/	Added Sep 2026
intercrural-sex	sexual-activities-techniques	Intercrural sex	Sexual Activities & Techniques	Penetrative-style stimulation between the thighs rather than inside the body.	Both	Physical/Sexual	Variable	Low										Adult consensual activity; individual anatomy and health considerations vary.	Tumblr 400+ list; KinkSheet	https://5ummit.tumblr.com/post/686429062096355328/list-of-400-kinks-tropes; https://kinksheet.com/	Added Sep 2026
frottage-grinding	sexual-activities-techniques	Frottage / grinding	Sexual Activities & Techniques	Erotic rubbing or grinding against a partner or clothing.	Both	Physical/Sexual	Variable	Low										Adult consensual activity; individual anatomy and health considerations vary.	Tumblr 400+ list; KinkSheet	https://5ummit.tumblr.com/post/686429062096355328/list-of-400-kinks-tropes; https://kinksheet.com/	Added Sep 2026
sex-toy-dildo	sexual-activities-techniques	Sex toy: dildo	Sexual Activities & Techniques	Use of a non-vibrating insertable sex toy.	Both	Physical/Sexual	Variable	Low-Moderate										Adult consensual activity; individual anatomy and health considerations vary.	Tumblr 400+ list; KinkSheet	https://5ummit.tumblr.com/post/686429062096355328/list-of-400-kinks-tropes; https://kinksheet.com/	Added Sep 2026
sex-toy-plug	sexual-activities-techniques	Sex toy: plug	Sexual Activities & Techniques	Use of an insertable plug, often for anal play.	Both	Physical/Sexual	Variable	Moderate										Adult consensual activity; individual anatomy and health considerations vary.	Tumblr 400+ list; KinkSheet	https://5ummit.tumblr.com/post/686429062096355328/list-of-400-kinks-tropes; https://kinksheet.com/	Added Sep 2026
sex-toy-vibrator	sexual-activities-techniques	Sex toy: vibrator	Sexual Activities & Techniques	Use of a vibrating sex toy.	Both	Physical/Sexual	Variable	Low										Adult consensual activity; individual anatomy and health considerations vary.	Tumblr 400+ list; KinkSheet	https://5ummit.tumblr.com/post/686429062096355328/list-of-400-kinks-tropes; https://kinksheet.com/	Added Sep 2026
magic-wand-stimulation	sexual-activities-techniques	Magic-wand stimulation	Sexual Activities & Techniques	Use of a broad-head vibrating massager for sexual stimulation.	Both	Physical/Sexual	Variable	Low										Adult consensual activity; individual anatomy and health considerations vary.	Tumblr 400+ list; KinkSheet	https://5ummit.tumblr.com/post/686429062096355328/list-of-400-kinks-tropes; https://kinksheet.com/	Added Sep 2026
sex-machine-play	sexual-activities-techniques	Sex machine play	Sexual Activities & Techniques	Use of a powered device that provides repetitive sexual stimulation.	Both	Physical/Sexual	Variable	High										Adult consensual activity; individual anatomy and health considerations vary.	Tumblr 400+ list; KinkSheet	https://5ummit.tumblr.com/post/686429062096355328/list-of-400-kinks-tropes; https://kinksheet.com/	Added Sep 2026
sybian-style-ride-on-vibrator	sexual-activities-techniques	Sybian-style ride-on vibrator	Sexual Activities & Techniques	Ride-on vibrating machine used for intense stimulation.	Both	Physical/Sexual	Variable	Moderate-High										Adult consensual activity; individual anatomy and health considerations vary.	Tumblr 400+ list; KinkSheet	https://5ummit.tumblr.com/post/686429062096355328/list-of-400-kinks-tropes; https://kinksheet.com/	Added Sep 2026
genital-ring-play	sexual-activities-techniques	Genital ring play	Sexual Activities & Techniques	Use of a ring designed to create pressure around genital tissue.	Both	Physical/Sexual	Variable	Moderate										Adult consensual activity; individual anatomy and health considerations vary.	Tumblr 400+ list; KinkSheet	https://5ummit.tumblr.com/post/686429062096355328/list-of-400-kinks-tropes; https://kinksheet.com/	Added Sep 2026
cockwarming-passive-penetration	sexual-activities-techniques	Cockwarming / passive penetration	Sexual Activities & Techniques	Remaining penetrated with little or no movement as an intimacy or control dynamic.	Both	Physical/Sexual	Variable	Moderate										Adult consensual activity; individual anatomy and health considerations vary.	Tumblr 400+ list; KinkSheet	https://5ummit.tumblr.com/post/686429062096355328/list-of-400-kinks-tropes; https://kinksheet.com/	Added Sep 2026
coming-on-command	sexual-activities-techniques	Coming on command	Sexual Activities & Techniques	Orgasm timed to a partner's command or permission cue.	Both	Physical/Sexual	Variable	Low-Moderate										Adult consensual activity; individual anatomy and health considerations vary.	Tumblr 400+ list; KinkSheet	https://5ummit.tumblr.com/post/686429062096355328/list-of-400-kinks-tropes; https://kinksheet.com/	Added Sep 2026
untouched-orgasm-fantasy	sexual-activities-techniques	Untouched orgasm fantasy	Sexual Activities & Techniques	Interest in climax occurring without direct genital touch, often through mental or sensory stimulation.	Both	Physical/Sexual	Variable	Low										Adult consensual activity; individual anatomy and health considerations vary.	Tumblr 400+ list; KinkSheet	https://5ummit.tumblr.com/post/686429062096355328/list-of-400-kinks-tropes; https://kinksheet.com/	Added Sep 2026
multiple-orgasm-play	sexual-activities-techniques	Multiple-orgasm play	Sexual Activities & Techniques	Seeking or exploring repeated orgasms within one encounter.	Both	Physical/Sexual	Variable	Moderate										Adult consensual activity; individual anatomy and health considerations vary.	Tumblr 400+ list; KinkSheet	https://5ummit.tumblr.com/post/686429062096355328/list-of-400-kinks-tropes; https://kinksheet.com/	Added Sep 2026
car-sex-fantasy	sexual-contexts-environments	Car sex fantasy	Sexual Contexts & Environments	Interest in sexual activity in or around a vehicle.	Both	Psychological/Sexual	Variable	Moderate										Keep any public-risk element private or limited to environments where all observers consent.	Tumblr 400+ list; 3Fun	https://5ummit.tumblr.com/post/686429062096355328/list-of-400-kinks-tropes; https://www.go3fun.co/poly-blog/list-of-kinks/	Added Sep 2026
shower-sex	sexual-contexts-environments	Shower sex	Sexual Contexts & Environments	Sexual activity in a shower environment.	Both	Psychological/Sexual	Variable	Moderate										Keep any public-risk element private or limited to environments where all observers consent.	Tumblr 400+ list; 3Fun	https://5ummit.tumblr.com/post/686429062096355328/list-of-400-kinks-tropes; https://www.go3fun.co/poly-blog/list-of-kinks/	Added Sep 2026
bath-pool-sex	sexual-contexts-environments	Bath / pool sex	Sexual Contexts & Environments	Sexual activity in water-based settings such as a bath or pool.	Both	Psychological/Sexual	Variable	Moderate										Keep any public-risk element private or limited to environments where all observers consent.	Tumblr 400+ list; 3Fun	https://5ummit.tumblr.com/post/686429062096355328/list-of-400-kinks-tropes; https://www.go3fun.co/poly-blog/list-of-kinks/	Added Sep 2026
phone-sex	sexual-contexts-environments	Phone sex	Sexual Contexts & Environments	Erotic interaction conducted by voice call.	Both	Psychological/Sexual	Variable	Low										Keep any public-risk element private or limited to environments where all observers consent.	Tumblr 400+ list; 3Fun	https://5ummit.tumblr.com/post/686429062096355328/list-of-400-kinks-tropes; https://www.go3fun.co/poly-blog/list-of-kinks/	Added Sep 2026
sexting	sexual-contexts-environments	Sexting	Sexual Contexts & Environments	Erotic text-based communication between consenting adults.	Both	Psychological/Sexual	Variable	Moderate										Keep any public-risk element private or limited to environments where all observers consent.	Tumblr 400+ list; 3Fun	https://5ummit.tumblr.com/post/686429062096355328/list-of-400-kinks-tropes; https://www.go3fun.co/poly-blog/list-of-kinks/	Added Sep 2026
rough-sex	sexual-contexts-environments	Rough sex	Sexual Contexts & Environments	Preference for physically intense, forceful-feeling consensual sex.	Both	Psychological/Sexual	Variable	Moderate-High										Keep any public-risk element private or limited to environments where all observers consent.	Tumblr 400+ list; 3Fun	https://5ummit.tumblr.com/post/686429062096355328/list-of-400-kinks-tropes; https://www.go3fun.co/poly-blog/list-of-kinks/	Added Sep 2026
gentle-sex	sexual-contexts-environments	Gentle sex	Sexual Contexts & Environments	Preference for soft, slow, affectionate sexual activity.	Both	Psychological/Sexual	Variable	Low										Keep any public-risk element private or limited to environments where all observers consent.	Tumblr 400+ list; 3Fun	https://5ummit.tumblr.com/post/686429062096355328/list-of-400-kinks-tropes; https://www.go3fun.co/poly-blog/list-of-kinks/	Added Sep 2026
wall-sex	sexual-contexts-environments	Wall sex	Sexual Contexts & Environments	Sexual activity positioned against a wall or upright surface.	Both	Psychological/Sexual	Variable	Moderate										Keep any public-risk element private or limited to environments where all observers consent.	Tumblr 400+ list; 3Fun	https://5ummit.tumblr.com/post/686429062096355328/list-of-400-kinks-tropes; https://www.go3fun.co/poly-blog/list-of-kinks/	Added Sep 2026
sleepy-sex	sexual-contexts-environments	Sleepy sex	Sexual Contexts & Environments	Sexual activity when partners are drowsy but awake and consenting.	Both	Psychological/Sexual	Variable	Moderate										Keep any public-risk element private or limited to environments where all observers consent.	Tumblr 400+ list; 3Fun	https://5ummit.tumblr.com/post/686429062096355328/list-of-400-kinks-tropes; https://www.go3fun.co/poly-blog/list-of-kinks/	Added Sep 2026
distracted-casual-use-sex-fantasy	sexual-contexts-environments	Distracted / casual-use sex fantasy	Sexual Contexts & Environments	Interest in sexual activity while one partner remains focused on another harmless activity.	Both	Psychological/Sexual	Variable	Moderate										Keep any public-risk element private or limited to environments where all observers consent.	Tumblr 400+ list; 3Fun	https://5ummit.tumblr.com/post/686429062096355328/list-of-400-kinks-tropes; https://www.go3fun.co/poly-blog/list-of-kinks/	Added Sep 2026
angry-sex-hate-sex-fantasy	sexual-contexts-environments	Angry-sex / hate-sex fantasy	Sexual Contexts & Environments	Consensual roleplay using anger, rivalry, or conflict as erotic framing.	Both	Psychological/Sexual	Variable	Moderate-High										Keep any public-risk element private or limited to environments where all observers consent.	Tumblr 400+ list; 3Fun	https://5ummit.tumblr.com/post/686429062096355328/list-of-400-kinks-tropes; https://www.go3fun.co/poly-blog/list-of-kinks/	Added Sep 2026
clothed-sex	sexual-contexts-environments	Clothed sex	Sexual Contexts & Environments	Sexual activity while one or both partners remain partially or fully clothed.	Both	Psychological/Sexual	Variable	Low										Keep any public-risk element private or limited to environments where all observers consent.	Tumblr 400+ list; 3Fun	https://5ummit.tumblr.com/post/686429062096355328/list-of-400-kinks-tropes; https://www.go3fun.co/poly-blog/list-of-kinks/	Added Sep 2026
almost-getting-caught-fantasy	sexual-contexts-environments	Almost-getting-caught fantasy	Sexual Contexts & Environments	Arousal from the possibility of discovery without actually involving non-consenting observers.	Both	Psychological/Sexual	Variable	Moderate										Keep any public-risk element private or limited to environments where all observers consent.	Tumblr 400+ list; 3Fun	https://5ummit.tumblr.com/post/686429062096355328/list-of-400-kinks-tropes; https://www.go3fun.co/poly-blog/list-of-kinks/	Added Sep 2026
striptease-erotic-dancing	sexual-contexts-environments	Striptease / erotic dancing	Sexual Contexts & Environments	Erotic performance centered on dancing, undressing, or controlled presentation.	Both	Psychological/Sexual	Variable	Low										Keep any public-risk element private or limited to environments where all observers consent.	Tumblr 400+ list; 3Fun	https://5ummit.tumblr.com/post/686429062096355328/list-of-400-kinks-tropes; https://www.go3fun.co/poly-blog/list-of-kinks/	Added Sep 2026
lap-dance	sexual-contexts-environments	Lap dance	Sexual Contexts & Environments	Erotic dance performed closely for a seated partner.	Both	Psychological/Sexual	Variable	Low										Keep any public-risk element private or limited to environments where all observers consent.	Tumblr 400+ list; 3Fun	https://5ummit.tumblr.com/post/686429062096355328/list-of-400-kinks-tropes; https://www.go3fun.co/poly-blog/list-of-kinks/	Added Sep 2026
watching-porn-together	sexual-contexts-environments	Watching porn together	Sexual Contexts & Environments	Shared viewing of consensual adult pornography as part of sexual play.	Both	Psychological/Sexual	Variable	Low-Moderate										Keep any public-risk element private or limited to environments where all observers consent.	Tumblr 400+ list; 3Fun	https://5ummit.tumblr.com/post/686429062096355328/list-of-400-kinks-tropes; https://www.go3fun.co/poly-blog/list-of-kinks/	Added Sep 2026
cum-play	fluids-excretions-body-responses	Cum play	Fluids, Excretions & Body Responses	Erotic focus on semen as a body fluid, symbol, or sensory element.	Both	Physical/Psychological	Variable	Moderate										Barrier/STI and cleanup preferences matter.	Tumblr 400+ list; KinkSheet; 3Fun	https://5ummit.tumblr.com/post/686429062096355328/list-of-400-kinks-tropes; https://kinksheet.com/; https://www.go3fun.co/poly-blog/list-of-kinks/	Added Sep 2026
facial-cum-play	fluids-excretions-body-responses	Facial cum play	Fluids, Excretions & Body Responses	Erotic interest in semen being placed on the face.	Both	Physical/Psychological	Variable	Moderate										Eye exposure and STI considerations matter.	Tumblr 400+ list; KinkSheet; 3Fun	https://5ummit.tumblr.com/post/686429062096355328/list-of-400-kinks-tropes; https://kinksheet.com/; https://www.go3fun.co/poly-blog/list-of-kinks/	Added Sep 2026
bukkake-fantasy-group-cum-play	fluids-excretions-body-responses	Bukkake fantasy / group cum play	Fluids, Excretions & Body Responses	Group-oriented semen-focused fantasy or activity among consenting adults.	Both	Physical/Psychological	Variable	Moderate-High										Multiple-partner STI considerations apply.	Tumblr 400+ list; KinkSheet; 3Fun	https://5ummit.tumblr.com/post/686429062096355328/list-of-400-kinks-tropes; https://kinksheet.com/; https://www.go3fun.co/poly-blog/list-of-kinks/	Added Sep 2026
swallowing-semen	fluids-excretions-body-responses	Swallowing semen	Fluids, Excretions & Body Responses	Interest in swallowing semen during consensual adult sexual activity.	Both	Physical/Psychological	Variable	Moderate										STI considerations apply.	Tumblr 400+ list; KinkSheet; 3Fun	https://5ummit.tumblr.com/post/686429062096355328/list-of-400-kinks-tropes; https://kinksheet.com/; https://www.go3fun.co/poly-blog/list-of-kinks/	Added Sep 2026
cum-swapping-snowballing	fluids-excretions-body-responses	Cum swapping / snowballing	Fluids, Excretions & Body Responses	Passing semen between consenting adults, usually mouth-to-mouth.	Both	Physical/Psychological	Variable	Moderate-High										STI considerations apply.	Tumblr 400+ list; KinkSheet; 3Fun	https://5ummit.tumblr.com/post/686429062096355328/list-of-400-kinks-tropes; https://kinksheet.com/; https://www.go3fun.co/poly-blog/list-of-kinks/	Added Sep 2026
felching	fluids-excretions-body-responses	Felching	Fluids, Excretions & Body Responses	Interest in retrieving semen from a body opening after ejaculation.	Both	Physical/Psychological	Variable	High										Higher exposure to body fluids; hygiene and STI considerations.	Tumblr 400+ list; KinkSheet; 3Fun	https://5ummit.tumblr.com/post/686429062096355328/list-of-400-kinks-tropes; https://kinksheet.com/; https://www.go3fun.co/poly-blog/list-of-kinks/	Added Sep 2026
drool-saliva-fetish	fluids-excretions-body-responses	Drool / saliva fetish	Fluids, Excretions & Body Responses	Erotic focus on drooling, saliva, or visible wetness.	Both	Physical/Psychological	Variable	Low-Moderate										Hygiene and infection considerations vary.	Tumblr 400+ list; KinkSheet; 3Fun	https://5ummit.tumblr.com/post/686429062096355328/list-of-400-kinks-tropes; https://kinksheet.com/; https://www.go3fun.co/poly-blog/list-of-kinks/	Added Sep 2026
lactation-milk-fetish	fluids-excretions-body-responses	Lactation / milk fetish	Fluids, Excretions & Body Responses	Erotic interest in lactation, milk, or nursing-related adult fantasy.	Both	Physical/Psychological	Variable	Moderate										Adult-only; medical/lactation context may matter.	Tumblr 400+ list; KinkSheet; 3Fun	https://5ummit.tumblr.com/post/686429062096355328/list-of-400-kinks-tropes; https://kinksheet.com/; https://www.go3fun.co/poly-blog/list-of-kinks/	Added Sep 2026
menstruation-kink	fluids-excretions-body-responses	Menstruation kink	Fluids, Excretions & Body Responses	Erotic interest in menstrual blood or menstruation-related intimacy.	Both	Physical/Psychological	Variable	Moderate										Bloodborne-pathogen considerations.	Tumblr 400+ list; KinkSheet; 3Fun	https://5ummit.tumblr.com/post/686429062096355328/list-of-400-kinks-tropes; https://kinksheet.com/; https://www.go3fun.co/poly-blog/list-of-kinks/	Added Sep 2026
squirting-fetish	fluids-excretions-body-responses	Squirting fetish	Fluids, Excretions & Body Responses	Erotic interest in squirting or visible sexual fluid release.	Both	Physical/Psychological	Variable	Low-Moderate										Hydration and comfort matter.	Tumblr 400+ list; KinkSheet; 3Fun	https://5ummit.tumblr.com/post/686429062096355328/list-of-400-kinks-tropes; https://kinksheet.com/; https://www.go3fun.co/poly-blog/list-of-kinks/	Added Sep 2026
tears-crying-kink	fluids-excretions-body-responses	Tears / crying kink	Fluids, Excretions & Body Responses	Erotic or emotional interest in tears or consensual crying within a scene.	Both	Physical/Psychological	Variable	Moderate										Psychological context and aftercare may matter.	Tumblr 400+ list; KinkSheet; 3Fun	https://5ummit.tumblr.com/post/686429062096355328/list-of-400-kinks-tropes; https://kinksheet.com/; https://www.go3fun.co/poly-blog/list-of-kinks/	Added Sep 2026
urine-play-watersports	fluids-excretions-body-responses	Urine play / watersports	Fluids, Excretions & Body Responses	Erotic interest involving urine between consenting adults.	Both	Physical/Psychological	Variable	Moderate										Hygiene and health considerations.	Tumblr 400+ list; KinkSheet; 3Fun	https://5ummit.tumblr.com/post/686429062096355328/list-of-400-kinks-tropes; https://kinksheet.com/; https://www.go3fun.co/poly-blog/list-of-kinks/	Added Sep 2026
scat-fetish	fluids-excretions-body-responses	Scat fetish	Fluids, Excretions & Body Responses	Erotic interest involving feces.	Both	Physical/Psychological	Variable	High										High hygiene/infection risk; descriptive catalog entry only.	Tumblr 400+ list; KinkSheet; 3Fun	https://5ummit.tumblr.com/post/686429062096355328/list-of-400-kinks-tropes; https://kinksheet.com/; https://www.go3fun.co/poly-blog/list-of-kinks/	Added Sep 2026
vomit-emetophilia	fluids-excretions-body-responses	Vomit / emetophilia	Fluids, Excretions & Body Responses	Erotic interest involving vomiting or vomit.	Both	Physical/Psychological	Variable	High										Aspiration, illness, and hygiene risk; descriptive catalog entry only.	Tumblr 400+ list; KinkSheet; 3Fun	https://5ummit.tumblr.com/post/686429062096355328/list-of-400-kinks-tropes; https://kinksheet.com/; https://www.go3fun.co/poly-blog/list-of-kinks/	Added Sep 2026
bladder-desperation-fantasy	fluids-excretions-body-responses	Bladder-desperation fantasy	Fluids, Excretions & Body Responses	Erotic interest in urgency or needing to urinate.	Both	Physical/Psychological	Variable	High										Avoid delaying essential bathroom use to the point of pain or harm.	Tumblr 400+ list; KinkSheet; 3Fun	https://5ummit.tumblr.com/post/686429062096355328/list-of-400-kinks-tropes; https://kinksheet.com/; https://www.go3fun.co/poly-blog/list-of-kinks/	Added Sep 2026
navel-belly-button-fetish	body-focus-worship-transformation	Navel / belly-button fetish	Body Focus, Worship & Transformation	Erotic focus on the navel or belly button.	Both	Aesthetic/Psychological	Variable	Low											3Fun; Tumblr 400+ list; TBô 2026 list	https://www.go3fun.co/poly-blog/list-of-kinks/; https://5ummit.tumblr.com/post/686429062096355328/list-of-400-kinks-tropes; https://tbo.clothing/blogs/talk/kinks-list-2026-a-z-fetishes-psychology	Added Sep 2026
pregnancy-kink	body-focus-worship-transformation	Pregnancy kink	Body Focus, Worship & Transformation	Erotic interest in pregnancy-related body changes, fertility symbolism, or adult pregnancy fantasy.	Both	Aesthetic/Psychological	Variable	Low-Moderate										Fantasy and real pregnancy have different health considerations.	3Fun; Tumblr 400+ list; TBô 2026 list	https://www.go3fun.co/poly-blog/list-of-kinks/; https://5ummit.tumblr.com/post/686429062096355328/list-of-400-kinks-tropes; https://tbo.clothing/blogs/talk/kinks-list-2026-a-z-fetishes-psychology	Added Sep 2026
feedism-feederism	body-focus-worship-transformation	Feedism / feederism	Body Focus, Worship & Transformation	Erotic interest in feeding, being fed, weight-gain fantasy, or feeder/feedee dynamics.	Both	Aesthetic/Psychological	Variable	Moderate-High										Body image, nutrition, and health boundaries matter; fantasy-only is an option.	3Fun; Tumblr 400+ list; TBô 2026 list	https://www.go3fun.co/poly-blog/list-of-kinks/; https://5ummit.tumblr.com/post/686429062096355328/list-of-400-kinks-tropes; https://tbo.clothing/blogs/talk/kinks-list-2026-a-z-fetishes-psychology	Added Sep 2026
weight-gain-kink	body-focus-worship-transformation	Weight-gain kink	Body Focus, Worship & Transformation	Erotic interest in body-size increase or weight-gain fantasy.	Both	Aesthetic/Psychological	Variable	Moderate-High										Health and body-image considerations.	3Fun; Tumblr 400+ list; TBô 2026 list	https://www.go3fun.co/poly-blog/list-of-kinks/; https://5ummit.tumblr.com/post/686429062096355328/list-of-400-kinks-tropes; https://tbo.clothing/blogs/talk/kinks-list-2026-a-z-fetishes-psychology	Added Sep 2026
size-difference-kink	body-focus-worship-transformation	Size-difference kink	Body Focus, Worship & Transformation	Erotic interest in pronounced height, build, hand-size, or overall size contrast.	Both	Aesthetic/Psychological	Variable	Low											3Fun; Tumblr 400+ list; TBô 2026 list	https://www.go3fun.co/poly-blog/list-of-kinks/; https://5ummit.tumblr.com/post/686429062096355328/list-of-400-kinks-tropes; https://tbo.clothing/blogs/talk/kinks-list-2026-a-z-fetishes-psychology	Added Sep 2026
micro-macrophilia-fantasy	body-focus-worship-transformation	Micro/macrophilia fantasy	Body Focus, Worship & Transformation	Fantasy involving extreme size differences, shrinking, or giant/tiny scenarios.	Both	Aesthetic/Psychological	Variable	Low										Fantasy/surrealism.	3Fun; Tumblr 400+ list; TBô 2026 list	https://www.go3fun.co/poly-blog/list-of-kinks/; https://5ummit.tumblr.com/post/686429062096355328/list-of-400-kinks-tropes; https://tbo.clothing/blogs/talk/kinks-list-2026-a-z-fetishes-psychology	Added Sep 2026
hair-worship	body-focus-worship-transformation	Hair worship	Body Focus, Worship & Transformation	Sustained erotic attention to a partner's hair, styling, washing, or texture.	Both	Aesthetic/Psychological	Variable	Low											3Fun; Tumblr 400+ list; TBô 2026 list	https://www.go3fun.co/poly-blog/list-of-kinks/; https://5ummit.tumblr.com/post/686429062096355328/list-of-400-kinks-tropes; https://tbo.clothing/blogs/talk/kinks-list-2026-a-z-fetishes-psychology	Added Sep 2026
hair-cutting-kink	body-focus-worship-transformation	Hair-cutting kink	Body Focus, Worship & Transformation	Erotic interest in cutting or having hair cut as transformation, control, or ritual.	Both	Aesthetic/Psychological	Variable	Moderate										Real hair changes can be lasting; negotiate carefully.	3Fun; Tumblr 400+ list; TBô 2026 list	https://www.go3fun.co/poly-blog/list-of-kinks/; https://5ummit.tumblr.com/post/686429062096355328/list-of-400-kinks-tropes; https://tbo.clothing/blogs/talk/kinks-list-2026-a-z-fetishes-psychology	Added Sep 2026
shaving-grooming-kink	body-focus-worship-transformation	Shaving / grooming kink	Body Focus, Worship & Transformation	Erotic interest in shaving, being shaved, or controlled grooming.	Both	Aesthetic/Psychological	Variable	Moderate										Skin and consent considerations.	3Fun; Tumblr 400+ list; TBô 2026 list	https://www.go3fun.co/poly-blog/list-of-kinks/; https://5ummit.tumblr.com/post/686429062096355328/list-of-400-kinks-tropes; https://tbo.clothing/blogs/talk/kinks-list-2026-a-z-fetishes-psychology	Added Sep 2026
scar-fetish	body-focus-worship-transformation	Scar fetish	Body Focus, Worship & Transformation	Erotic attraction to scars or scarred skin.	Both	Aesthetic/Psychological	Variable	Low										Attraction only; does not imply creating scars.	3Fun; Tumblr 400+ list; TBô 2026 list	https://www.go3fun.co/poly-blog/list-of-kinks/; https://5ummit.tumblr.com/post/686429062096355328/list-of-400-kinks-tropes; https://tbo.clothing/blogs/talk/kinks-list-2026-a-z-fetishes-psychology	Added Sep 2026
ass-worship	body-focus-worship-transformation	Ass worship	Body Focus, Worship & Transformation	Focused erotic admiration or service directed toward a partner's buttocks.	Both	Aesthetic/Psychological	Variable	Low											3Fun; Tumblr 400+ list; TBô 2026 list	https://www.go3fun.co/poly-blog/list-of-kinks/; https://5ummit.tumblr.com/post/686429062096355328/list-of-400-kinks-tropes; https://tbo.clothing/blogs/talk/kinks-list-2026-a-z-fetishes-psychology	Added Sep 2026
chest-breast-worship	body-focus-worship-transformation	Chest / breast worship	Body Focus, Worship & Transformation	Focused erotic admiration or service directed toward a partner's chest or breasts.	Both	Aesthetic/Psychological	Variable	Low											3Fun; Tumblr 400+ list; TBô 2026 list	https://www.go3fun.co/poly-blog/list-of-kinks/; https://5ummit.tumblr.com/post/686429062096355328/list-of-400-kinks-tropes; https://tbo.clothing/blogs/talk/kinks-list-2026-a-z-fetishes-psychology	Added Sep 2026
genital-worship	body-focus-worship-transformation	Genital worship	Body Focus, Worship & Transformation	Focused erotic admiration or service directed toward a partner's genitals.	Both	Aesthetic/Psychological	Variable	Low-Moderate											3Fun; Tumblr 400+ list; TBô 2026 list	https://www.go3fun.co/poly-blog/list-of-kinks/; https://5ummit.tumblr.com/post/686429062096355328/list-of-400-kinks-tropes; https://tbo.clothing/blogs/talk/kinks-list-2026-a-z-fetishes-psychology	Added Sep 2026
fertility-breeding-fantasy	body-focus-worship-transformation	Fertility / breeding fantasy	Body Focus, Worship & Transformation	Adult consensual fantasy centered on fertility, impregnation themes, or reproductive symbolism.	Both	Aesthetic/Psychological	Variable	Moderate										Fantasy does not require actual pregnancy intent; contraception decisions remain separate.	3Fun; Tumblr 400+ list; TBô 2026 list	https://www.go3fun.co/poly-blog/list-of-kinks/; https://5ummit.tumblr.com/post/686429062096355328/list-of-400-kinks-tropes; https://tbo.clothing/blogs/talk/kinks-list-2026-a-z-fetishes-psychology	Added Sep 2026
inflation-fantasy	body-focus-worship-transformation	Inflation fantasy	Body Focus, Worship & Transformation	Surreal fantasy involving expansion, filling, or exaggerated body inflation.	Both	Aesthetic/Psychological	Variable	Low										Fantasy-only.	3Fun; Tumblr 400+ list; TBô 2026 list	https://www.go3fun.co/poly-blog/list-of-kinks/; https://5ummit.tumblr.com/post/686429062096355328/list-of-400-kinks-tropes; https://tbo.clothing/blogs/talk/kinks-list-2026-a-z-fetishes-psychology	Added Sep 2026
oral-fixation	body-focus-worship-transformation	Oral fixation	Body Focus, Worship & Transformation	Erotic focus on mouths, sucking, licking, biting, or having objects/parts in the mouth.	Both	Aesthetic/Psychological	Variable	Low-Moderate										Broad umbrella.	3Fun; Tumblr 400+ list; TBô 2026 list	https://www.go3fun.co/poly-blog/list-of-kinks/; https://5ummit.tumblr.com/post/686429062096355328/list-of-400-kinks-tropes; https://tbo.clothing/blogs/talk/kinks-list-2026-a-z-fetishes-psychology	Added Sep 2026
nylon-fetish	clothing-gear-fetishwear	Nylon fetish	Clothing, Gear & Fetishwear	Erotic attraction to nylon fabric, hosiery, or its texture/appearance.	Both	Aesthetic/Sensory	Low-Moderate	Low-Moderate											3Fun; Tumblr 400+ list; KinkSheet; TBô 2026 list	https://www.go3fun.co/poly-blog/list-of-kinks/; https://5ummit.tumblr.com/post/686429062096355328/list-of-400-kinks-tropes; https://kinksheet.com/; https://tbo.clothing/blogs/talk/kinks-list-2026-a-z-fetishes-psychology	Added Sep 2026
sneaker-fetish	clothing-gear-fetishwear	Sneaker fetish	Clothing, Gear & Fetishwear	Erotic attraction to sneakers, worn athletic shoes, or sneaker aesthetics.	Both	Aesthetic/Sensory	Low-Moderate	Low-Moderate											3Fun; Tumblr 400+ list; KinkSheet; TBô 2026 list	https://www.go3fun.co/poly-blog/list-of-kinks/; https://5ummit.tumblr.com/post/686429062096355328/list-of-400-kinks-tropes; https://kinksheet.com/; https://tbo.clothing/blogs/talk/kinks-list-2026-a-z-fetishes-psychology	Added Sep 2026
jewelry-fetish	clothing-gear-fetishwear	Jewelry fetish	Clothing, Gear & Fetishwear	Erotic attraction to jewelry, adornment, or the act of putting it on/removing it.	Both	Aesthetic/Sensory	Low-Moderate	Low-Moderate											3Fun; Tumblr 400+ list; KinkSheet; TBô 2026 list	https://www.go3fun.co/poly-blog/list-of-kinks/; https://5ummit.tumblr.com/post/686429062096355328/list-of-400-kinks-tropes; https://kinksheet.com/; https://tbo.clothing/blogs/talk/kinks-list-2026-a-z-fetishes-psychology	Added Sep 2026
makeup-fetish	clothing-gear-fetishwear	Makeup fetish	Clothing, Gear & Fetishwear	Erotic attraction to makeup, cosmetics, or transformation through makeup.	Both	Aesthetic/Sensory	Low-Moderate	Low-Moderate											3Fun; Tumblr 400+ list; KinkSheet; TBô 2026 list	https://www.go3fun.co/poly-blog/list-of-kinks/; https://5ummit.tumblr.com/post/686429062096355328/list-of-400-kinks-tropes; https://kinksheet.com/; https://tbo.clothing/blogs/talk/kinks-list-2026-a-z-fetishes-psychology	Added Sep 2026
underwear-panties-fetish	clothing-gear-fetishwear	Underwear / panties fetish	Clothing, Gear & Fetishwear	Erotic attraction to underwear as an object, material, or presentation cue.	Both	Aesthetic/Sensory	Low-Moderate	Low-Moderate											3Fun; Tumblr 400+ list; KinkSheet; TBô 2026 list	https://www.go3fun.co/poly-blog/list-of-kinks/; https://5ummit.tumblr.com/post/686429062096355328/list-of-400-kinks-tropes; https://kinksheet.com/; https://tbo.clothing/blogs/talk/kinks-list-2026-a-z-fetishes-psychology	Added Sep 2026
military-uniform-fetish	clothing-gear-fetishwear	Military-uniform fetish	Clothing, Gear & Fetishwear	Erotic attraction to military-style uniforms or authority aesthetics.	Both	Aesthetic/Sensory	Low-Moderate	Low-Moderate											3Fun; Tumblr 400+ list; KinkSheet; TBô 2026 list	https://www.go3fun.co/poly-blog/list-of-kinks/; https://5ummit.tumblr.com/post/686429062096355328/list-of-400-kinks-tropes; https://kinksheet.com/; https://tbo.clothing/blogs/talk/kinks-list-2026-a-z-fetishes-psychology	Added Sep 2026
medical-uniform-fetish	clothing-gear-fetishwear	Medical-uniform fetish	Clothing, Gear & Fetishwear	Erotic attraction to clinical or medical uniforms as an authority/aesthetic cue.	Both	Aesthetic/Sensory	Low-Moderate	Low-Moderate											3Fun; Tumblr 400+ list; KinkSheet; TBô 2026 list	https://www.go3fun.co/poly-blog/list-of-kinks/; https://5ummit.tumblr.com/post/686429062096355328/list-of-400-kinks-tropes; https://kinksheet.com/; https://tbo.clothing/blogs/talk/kinks-list-2026-a-z-fetishes-psychology	Added Sep 2026
flight-attendant-service-uniform-fetish	clothing-gear-fetishwear	Flight-attendant / service-uniform fetish	Clothing, Gear & Fetishwear	Erotic attraction to polished service uniforms or structured presentation.	Both	Aesthetic/Sensory	Low-Moderate	Low-Moderate											3Fun; Tumblr 400+ list; KinkSheet; TBô 2026 list	https://www.go3fun.co/poly-blog/list-of-kinks/; https://5ummit.tumblr.com/post/686429062096355328/list-of-400-kinks-tropes; https://kinksheet.com/; https://tbo.clothing/blogs/talk/kinks-list-2026-a-z-fetishes-psychology	Added Sep 2026
costume-cosplay-fetish	clothing-gear-fetishwear	Costume / cosplay fetish	Clothing, Gear & Fetishwear	Erotic attraction to costumes, character dress, or identity transformation through clothing.	Both	Aesthetic/Sensory	Low-Moderate	Low-Moderate											3Fun; Tumblr 400+ list; KinkSheet; TBô 2026 list	https://www.go3fun.co/poly-blog/list-of-kinks/; https://5ummit.tumblr.com/post/686429062096355328/list-of-400-kinks-tropes; https://kinksheet.com/; https://tbo.clothing/blogs/talk/kinks-list-2026-a-z-fetishes-psychology	Added Sep 2026
ball-gag	protocol-bondage-d-s-details	Ball gag	Protocol, Bondage & D/s Details	Mouth restraint using a ball-style gag.	Receiving	Physical/Psychological	Variable	Moderate										Communication backup and airway comfort matter.	Tumblr 400+ list; KinkSheet; 3Fun	https://5ummit.tumblr.com/post/686429062096355328/list-of-400-kinks-tropes; https://kinksheet.com/; https://www.go3fun.co/poly-blog/list-of-kinks/	Added Sep 2026
bit-gag	protocol-bondage-d-s-details	Bit gag	Protocol, Bondage & D/s Details	Mouth restraint using a bar/bit-style gag.	Receiving	Physical/Psychological	Variable	Moderate										Jaw comfort and communication backup matter.	Tumblr 400+ list; KinkSheet; 3Fun	https://5ummit.tumblr.com/post/686429062096355328/list-of-400-kinks-tropes; https://kinksheet.com/; https://www.go3fun.co/poly-blog/list-of-kinks/	Added Sep 2026
ring-gag	protocol-bondage-d-s-details	Ring gag	Protocol, Bondage & D/s Details	Open-mouth gag using a ring-style frame.	Receiving	Physical/Psychological	Variable	Moderate-High										Jaw strain and airway comfort matter.	Tumblr 400+ list; KinkSheet; 3Fun	https://5ummit.tumblr.com/post/686429062096355328/list-of-400-kinks-tropes; https://kinksheet.com/; https://www.go3fun.co/poly-blog/list-of-kinks/	Added Sep 2026
tape-gag-fantasy	protocol-bondage-d-s-details	Tape gag fantasy	Protocol, Bondage & D/s Details	Gagging aesthetic or roleplay using a tape-like mouth covering.	Receiving	Physical/Psychological	Variable	High										Do not obstruct breathing; descriptive catalog entry.	Tumblr 400+ list; KinkSheet; 3Fun	https://5ummit.tumblr.com/post/686429062096355328/list-of-400-kinks-tropes; https://kinksheet.com/; https://www.go3fun.co/poly-blog/list-of-kinks/	Added Sep 2026
medical-dental-gag	protocol-bondage-d-s-details	Medical / dental gag	Protocol, Bondage & D/s Details	Clinical-style mouth restraint used in medical roleplay or BDSM.	Receiving	Physical/Psychological	Variable	High										Specialty equipment and jaw/airway considerations.	Tumblr 400+ list; KinkSheet; 3Fun	https://5ummit.tumblr.com/post/686429062096355328/list-of-400-kinks-tropes; https://kinksheet.com/; https://www.go3fun.co/poly-blog/list-of-kinks/	Added Sep 2026
spreader-bar	protocol-bondage-d-s-details	Spreader bar	Protocol, Bondage & D/s Details	Rigid restraint device that keeps limbs separated.	Receiving	Physical/Psychological	Variable	Moderate-High										Joint and position monitoring.	Tumblr 400+ list; KinkSheet; 3Fun	https://5ummit.tumblr.com/post/686429062096355328/list-of-400-kinks-tropes; https://kinksheet.com/; https://www.go3fun.co/poly-blog/list-of-kinks/	Added Sep 2026
straitjacket-restraint	protocol-bondage-d-s-details	Straitjacket restraint	Protocol, Bondage & D/s Details	Upper-body immobilization using a straitjacket-style restraint.	Receiving	Physical/Psychological	Variable	High										Advanced immobilization; monitoring and rapid release matter.	Tumblr 400+ list; KinkSheet; 3Fun	https://5ummit.tumblr.com/post/686429062096355328/list-of-400-kinks-tropes; https://kinksheet.com/; https://www.go3fun.co/poly-blog/list-of-kinks/	Added Sep 2026
wall-cross-restraint	protocol-bondage-d-s-details	Wall / cross restraint	Protocol, Bondage & D/s Details	Restraining a person to a wall-mounted or cross-shaped restraint frame.	Receiving	Physical/Psychological	Variable	Moderate-High										Anchor integrity and circulation matter.	Tumblr 400+ list; KinkSheet; 3Fun	https://5ummit.tumblr.com/post/686429062096355328/list-of-400-kinks-tropes; https://kinksheet.com/; https://www.go3fun.co/poly-blog/list-of-kinks/	Added Sep 2026
encasement-bondage	protocol-bondage-d-s-details	Encasement bondage	Protocol, Bondage & D/s Details	Extensive enclosure or restriction designed to minimize movement.	Receiving	Physical/Psychological	Variable	High										Heat, circulation, breathing, panic, and release access matter.	Tumblr 400+ list; KinkSheet; 3Fun	https://5ummit.tumblr.com/post/686429062096355328/list-of-400-kinks-tropes; https://kinksheet.com/; https://www.go3fun.co/poly-blog/list-of-kinks/	Added Sep 2026
verbal-don-t-move-bondage	protocol-bondage-d-s-details	Verbal 'don't move' bondage	Protocol, Bondage & D/s Details	Obedience-based stillness where the receiver remains unrestrained but agrees not to move.	Receiving	Physical/Psychological	Variable	Low-Moderate										Safety movement always remains allowed.	Tumblr 400+ list; KinkSheet; 3Fun	https://5ummit.tumblr.com/post/686429062096355328/list-of-400-kinks-tropes; https://kinksheet.com/; https://www.go3fun.co/poly-blog/list-of-kinks/	Added Sep 2026
bathroom-permission-protocol	protocol-bondage-d-s-details	Bathroom-permission protocol	Protocol, Bondage & D/s Details	Power-exchange rule where bathroom access is symbolically permission-based.	Receiving	Physical/Psychological	Variable	Moderate-High										Essential bodily needs must remain accessible; no harmful holding.	Tumblr 400+ list; KinkSheet; 3Fun	https://5ummit.tumblr.com/post/686429062096355328/list-of-400-kinks-tropes; https://kinksheet.com/; https://www.go3fun.co/poly-blog/list-of-kinks/	Added Sep 2026
hand-feeding	protocol-bondage-d-s-details	Hand-feeding	Protocol, Bondage & D/s Details	Being fed by a partner as service, caretaking, control, or pet-play ritual.	Both	Physical/Psychological	Variable	Low										Normal nutrition and hydration are never conditional.	Tumblr 400+ list; KinkSheet; 3Fun	https://5ummit.tumblr.com/post/686429062096355328/list-of-400-kinks-tropes; https://kinksheet.com/; https://www.go3fun.co/poly-blog/list-of-kinks/	Added Sep 2026
human-furniture	protocol-bondage-d-s-details	Human furniture	Protocol, Bondage & D/s Details	Objectification roleplay where a consenting adult acts as furniture or a functional object.	Receiving	Physical/Psychological	Variable	Moderate										Positioning and duration matter.	Tumblr 400+ list; KinkSheet; 3Fun	https://5ummit.tumblr.com/post/686429062096355328/list-of-400-kinks-tropes; https://kinksheet.com/; https://www.go3fun.co/poly-blog/list-of-kinks/	Added Sep 2026
human-auction-appraisal-roleplay	protocol-bondage-d-s-details	Human auction / appraisal roleplay	Protocol, Bondage & D/s Details	Consensual adult roleplay involving being inspected, rated, or symbolically auctioned.	Both	Physical/Psychological	Variable	Moderate-High										Private/consenting spaces only; psychological limits matter.	Tumblr 400+ list; KinkSheet; 3Fun	https://5ummit.tumblr.com/post/686429062096355328/list-of-400-kinks-tropes; https://kinksheet.com/; https://www.go3fun.co/poly-blog/list-of-kinks/	Added Sep 2026
free-use-fantasy	protocol-bondage-d-s-details	Free-use fantasy	Protocol, Bondage & D/s Details	Pre-negotiated adult fantasy or arrangement centered on broad sexual availability within explicit boundaries.	Both	Physical/Psychological	Variable	High										CNC-adjacent; safewords and scope remain absolute.	Tumblr 400+ list; KinkSheet; 3Fun	https://5ummit.tumblr.com/post/686429062096355328/list-of-400-kinks-tropes; https://kinksheet.com/; https://www.go3fun.co/poly-blog/list-of-kinks/	Added Sep 2026
traffic-light-check-in-system	protocol-bondage-d-s-details	Traffic-light check-in system	Protocol, Bondage & D/s Details	Green/yellow/red communication protocol used during scenes.	Both	Physical/Psychological	Variable	Low										Safety/communication tool rather than a kink by itself.	Tumblr 400+ list; KinkSheet; 3Fun	https://5ummit.tumblr.com/post/686429062096355328/list-of-400-kinks-tropes; https://kinksheet.com/; https://www.go3fun.co/poly-blog/list-of-kinks/	Added Sep 2026
scene-negotiation-kink	protocol-bondage-d-s-details	Scene negotiation kink	Protocol, Bondage & D/s Details	Enjoyment of the ritual, structure, or anticipation of detailed scene negotiation.	Both	Physical/Psychological	Variable	Low										Meta-kink / process interest.	Tumblr 400+ list; KinkSheet; 3Fun	https://5ummit.tumblr.com/post/686429062096355328/list-of-400-kinks-tropes; https://kinksheet.com/; https://www.go3fun.co/poly-blog/list-of-kinks/	Added Sep 2026
d-s-contract-ritual	protocol-bondage-d-s-details	D/s contract ritual	Protocol, Bondage & D/s Details	Interest in written agreements, rules, or symbolic contracts within consensual power exchange.	Both	Physical/Psychological	Variable	Low-Moderate										Not legally binding; scope remains revocable.	Tumblr 400+ list; KinkSheet; 3Fun	https://5ummit.tumblr.com/post/686429062096355328/list-of-400-kinks-tropes; https://kinksheet.com/; https://www.go3fun.co/poly-blog/list-of-kinks/	Added Sep 2026
public-witnessed-collaring-ceremony	protocol-bondage-d-s-details	Public / witnessed collaring ceremony	Protocol, Bondage & D/s Details	Collaring performed in front of consenting witnesses or community.	Both	Physical/Psychological	Variable	Low-Moderate										Privacy and social implications matter.	Tumblr 400+ list; KinkSheet; 3Fun	https://5ummit.tumblr.com/post/686429062096355328/list-of-400-kinks-tropes; https://kinksheet.com/; https://www.go3fun.co/poly-blog/list-of-kinks/	Added Sep 2026
erotic-hypnosis-hypnokink	psychological-verbal-emotional	Erotic hypnosis / hypnokink	Psychological, Verbal & Emotional	Consensual trance, suggestion, or hypnotic framing used for erotic or psychological play.	Both	Psychological/Relational	Variable	High										Psychological specialty; consent and debriefing matter.	3Fun; TBô 2026 list; Tumblr 400+ list	https://www.go3fun.co/poly-blog/list-of-kinks/; https://tbo.clothing/blogs/talk/kinks-list-2026-a-z-fetishes-psychology; https://5ummit.tumblr.com/post/686429062096355328/list-of-400-kinks-tropes	Added Sep 2026
mind-control-roleplay	psychological-verbal-emotional	Mind-control roleplay	Psychological, Verbal & Emotional	Fantasy of irresistible influence, conditioning, or mental control enacted as consensual adult roleplay.	Both	Psychological/Relational	Variable	High										Fantasy only; real consent remains intact.	3Fun; TBô 2026 list; Tumblr 400+ list	https://www.go3fun.co/poly-blog/list-of-kinks/; https://tbo.clothing/blogs/talk/kinks-list-2026-a-z-fetishes-psychology; https://5ummit.tumblr.com/post/686429062096355328/list-of-400-kinks-tropes	Added Sep 2026
brainwashing-fantasy	psychological-verbal-emotional	Brainwashing fantasy	Psychological, Verbal & Emotional	Consensual adult fantasy centered on identity conditioning, rewriting, or indoctrination themes.	Both	Psychological/Relational	Variable	High										Fantasy/roleplay; psychologically intense.	3Fun; TBô 2026 list; Tumblr 400+ list	https://www.go3fun.co/poly-blog/list-of-kinks/; https://tbo.clothing/blogs/talk/kinks-list-2026-a-z-fetishes-psychology; https://5ummit.tumblr.com/post/686429062096355328/list-of-400-kinks-tropes	Added Sep 2026
corruption-kink	psychological-verbal-emotional	Corruption kink	Psychological, Verbal & Emotional	Adult consensual fantasy of leading someone from innocence/inexperience toward greater willingness or desire.	Both	Psychological/Relational	Variable	Moderate-High										Adult roleplay only; distinguish fantasy from real coercion.	3Fun; TBô 2026 list; Tumblr 400+ list	https://www.go3fun.co/poly-blog/list-of-kinks/; https://tbo.clothing/blogs/talk/kinks-list-2026-a-z-fetishes-psychology; https://5ummit.tumblr.com/post/686429062096355328/list-of-400-kinks-tropes	Added Sep 2026
bimbofication	psychological-verbal-emotional	Bimbofication	Psychological, Verbal & Emotional	Adult transformation fantasy involving exaggerated hyper-feminine presentation and simplified/intellectually submissive persona.	Both	Psychological/Relational	Variable	Moderate										Adult roleplay; identity boundaries matter.	3Fun; TBô 2026 list; Tumblr 400+ list	https://www.go3fun.co/poly-blog/list-of-kinks/; https://tbo.clothing/blogs/talk/kinks-list-2026-a-z-fetishes-psychology; https://5ummit.tumblr.com/post/686429062096355328/list-of-400-kinks-tropes	Added Sep 2026
quiet-domination	psychological-verbal-emotional	Quiet domination	Psychological, Verbal & Emotional	Dominance expressed through calm authority, presence, tone, and subtle direction rather than overt intensity.	Giving	Psychological/Relational	Variable	Low-Moderate											3Fun; TBô 2026 list; Tumblr 400+ list	https://www.go3fun.co/poly-blog/list-of-kinks/; https://tbo.clothing/blogs/talk/kinks-list-2026-a-z-fetishes-psychology; https://5ummit.tumblr.com/post/686429062096355328/list-of-400-kinks-tropes	Added Sep 2026
language-play-verbal-kink	psychological-verbal-emotional	Language play / verbal kink	Psychological, Verbal & Emotional	Erotic focus on words, tone, phrasing, praise, teasing, commands, or narrative.	Both	Psychological/Relational	Variable	Low-Moderate										Broad umbrella.	3Fun; TBô 2026 list; Tumblr 400+ list	https://www.go3fun.co/poly-blog/list-of-kinks/; https://tbo.clothing/blogs/talk/kinks-list-2026-a-z-fetishes-psychology; https://5ummit.tumblr.com/post/686429062096355328/list-of-400-kinks-tropes	Added Sep 2026
dirty-talk	psychological-verbal-emotional	Dirty talk	Psychological, Verbal & Emotional	Erotic verbal communication using explicitly sexual, commanding, praising, or degrading language.	Both	Psychological/Relational	Variable	Low-Moderate										Negotiate language limits.	3Fun; TBô 2026 list; Tumblr 400+ list	https://www.go3fun.co/poly-blog/list-of-kinks/; https://tbo.clothing/blogs/talk/kinks-list-2026-a-z-fetishes-psychology; https://5ummit.tumblr.com/post/686429062096355328/list-of-400-kinks-tropes	Added Sep 2026
isolation-fantasy	psychological-verbal-emotional	Isolation fantasy	Psychological, Verbal & Emotional	Psychological fantasy centered on exclusivity, seclusion, or being cut off from distractions with a partner.	Receiving	Psychological/Relational	Variable	Moderate										Keep actual social isolation separate from consensual scene fantasy.	3Fun; TBô 2026 list; Tumblr 400+ list	https://www.go3fun.co/poly-blog/list-of-kinks/; https://tbo.clothing/blogs/talk/kinks-list-2026-a-z-fetishes-psychology; https://5ummit.tumblr.com/post/686429062096355328/list-of-400-kinks-tropes	Added Sep 2026
psychological-control-fantasy	psychological-verbal-emotional	Psychological-control fantasy	Psychological, Verbal & Emotional	Consensual fantasy centered on influence, guidance, structure, and surrender of selected decisions.	Receiving	Psychological/Relational	Variable	Moderate										Scope must remain explicit and revocable.	3Fun; TBô 2026 list; Tumblr 400+ list	https://www.go3fun.co/poly-blog/list-of-kinks/; https://tbo.clothing/blogs/talk/kinks-list-2026-a-z-fetishes-psychology; https://5ummit.tumblr.com/post/686429062096355328/list-of-400-kinks-tropes	Added Sep 2026
small-penis-humiliation-sph	psychological-verbal-emotional	Small-penis humiliation (SPH)	Psychological, Verbal & Emotional	Adult consensual humiliation kink focused on penis size or adequacy.	Both	Psychological/Relational	Variable	Moderate-High										Psychological limits and aftercare may matter.	3Fun; TBô 2026 list; Tumblr 400+ list	https://www.go3fun.co/poly-blog/list-of-kinks/; https://tbo.clothing/blogs/talk/kinks-list-2026-a-z-fetishes-psychology; https://5ummit.tumblr.com/post/686429062096355328/list-of-400-kinks-tropes	Added Sep 2026
competence-kink	psychological-verbal-emotional	Competence kink	Psychological, Verbal & Emotional	Erotic interest in intelligence, skill, expertise, authority-through-competence, or performing under scrutiny.	Both	Psychological/Relational	Variable	Low-Moderate											3Fun; TBô 2026 list; Tumblr 400+ list	https://www.go3fun.co/poly-blog/list-of-kinks/; https://tbo.clothing/blogs/talk/kinks-list-2026-a-z-fetishes-psychology; https://5ummit.tumblr.com/post/686429062096355328/list-of-400-kinks-tropes	Added Sep 2026
pet-name-kink	psychological-verbal-emotional	Pet-name kink	Psychological, Verbal & Emotional	Erotic or relational charge from specific names, titles, or affectionate/possessive labels.	Both	Psychological/Relational	Variable	Low											3Fun; TBô 2026 list; Tumblr 400+ list	https://www.go3fun.co/poly-blog/list-of-kinks/; https://tbo.clothing/blogs/talk/kinks-list-2026-a-z-fetishes-psychology; https://5ummit.tumblr.com/post/686429062096355328/list-of-400-kinks-tropes	Added Sep 2026
jealousy-play	psychological-verbal-emotional	Jealousy play	Psychological, Verbal & Emotional	Consensual exploration of jealousy, rivalry, or possessive emotion within negotiated boundaries.	Both	Psychological/Relational	Variable	Moderate-High										Emotionally intense; debriefing can matter.	3Fun; TBô 2026 list; Tumblr 400+ list	https://www.go3fun.co/poly-blog/list-of-kinks/; https://tbo.clothing/blogs/talk/kinks-list-2026-a-z-fetishes-psychology; https://5ummit.tumblr.com/post/686429062096355328/list-of-400-kinks-tropes	Added Sep 2026
romance-courtly-love-kink	psychological-verbal-emotional	Romance / courtly-love kink	Psychological, Verbal & Emotional	Treating elaborate romance, devotion, ritual gestures, or being wooed as the central erotic/relational focus.	Both	Psychological/Relational	Variable	Low											3Fun; TBô 2026 list; Tumblr 400+ list	https://www.go3fun.co/poly-blog/list-of-kinks/; https://tbo.clothing/blogs/talk/kinks-list-2026-a-z-fetishes-psychology; https://5ummit.tumblr.com/post/686429062096355328/list-of-400-kinks-tropes	Added Sep 2026
photographer-model-roleplay	roleplay-scenario-kinks	Photographer / model roleplay	Roleplay & Scenario Kinks	One adult directs another's poses or presentation as a photographer/model scenario.	Both	Psychological/Roleplay	Variable	Moderate										Privacy and recording boundaries matter if cameras are used.	3Fun; KinkSheet; Tumblr 400+ list	https://www.go3fun.co/poly-blog/list-of-kinks/; https://kinksheet.com/; https://5ummit.tumblr.com/post/686429062096355328/list-of-400-kinks-tropes	Added Sep 2026
delivery-person-roleplay	roleplay-scenario-kinks	Delivery-person roleplay	Roleplay & Scenario Kinks	Adult service-worker/recipient fantasy using a fictional delivery scenario.	Both	Psychological/Roleplay	Variable	Low-Moderate										Adult roleplay only.	3Fun; KinkSheet; Tumblr 400+ list	https://www.go3fun.co/poly-blog/list-of-kinks/; https://kinksheet.com/; https://5ummit.tumblr.com/post/686429062096355328/list-of-400-kinks-tropes	Added Sep 2026
celebrity-fan-roleplay	roleplay-scenario-kinks	Celebrity / fan roleplay	Roleplay & Scenario Kinks	Adult fantasy involving status, fame, admiration, or celebrity/fan power difference.	Both	Psychological/Roleplay	Variable	Low-Moderate										Roleplay with consenting adults.	3Fun; KinkSheet; Tumblr 400+ list	https://www.go3fun.co/poly-blog/list-of-kinks/; https://kinksheet.com/; https://5ummit.tumblr.com/post/686429062096355328/list-of-400-kinks-tropes	Added Sep 2026
cheating-fantasy	roleplay-scenario-kinks	Cheating fantasy	Roleplay & Scenario Kinks	Partners consensually roleplay infidelity or forbidden attraction without actual betrayal.	Both	Psychological/Roleplay	Variable	Moderate-High										Keep fantasy separate from real agreements.	3Fun; KinkSheet; Tumblr 400+ list	https://www.go3fun.co/poly-blog/list-of-kinks/; https://kinksheet.com/; https://5ummit.tumblr.com/post/686429062096355328/list-of-400-kinks-tropes	Added Sep 2026
home-invasion-fantasy	roleplay-scenario-kinks	Home-invasion fantasy	Roleplay & Scenario Kinks	Adult CNC-style fantasy of an intrusion or break-in scenario.	Both	Psychological/Roleplay	Variable	High										Fantasy/roleplay only; CNC-adjacent and psychologically intense.	3Fun; KinkSheet; Tumblr 400+ list	https://www.go3fun.co/poly-blog/list-of-kinks/; https://kinksheet.com/; https://5ummit.tumblr.com/post/686429062096355328/list-of-400-kinks-tropes	Added Sep 2026
practical-sex-ed-roleplay	roleplay-scenario-kinks	Practical sex-ed roleplay	Roleplay & Scenario Kinks	Adult roleplay where one person teaches or demonstrates sexual knowledge to another.	Both	Psychological/Roleplay	Variable	Low-Moderate										Adult participants only.	3Fun; KinkSheet; Tumblr 400+ list	https://www.go3fun.co/poly-blog/list-of-kinks/; https://kinksheet.com/; https://5ummit.tumblr.com/post/686429062096355328/list-of-400-kinks-tropes	Added Sep 2026
sleep-play-consensual-somnophilia	roleplay-scenario-kinks	Sleep play / consensual somnophilia	Roleplay & Scenario Kinks	Adult sleep-related fantasy or pre-negotiated play where consent is established while awake.	Both	Psychological/Roleplay	Variable	High										Consent must be negotiated while awake; CNC-adjacent.	3Fun; KinkSheet; Tumblr 400+ list	https://www.go3fun.co/poly-blog/list-of-kinks/; https://kinksheet.com/; https://5ummit.tumblr.com/post/686429062096355328/list-of-400-kinks-tropes	Added Sep 2026
fake-public-use-fantasy	roleplay-scenario-kinks	Fake public-use fantasy	Roleplay & Scenario Kinks	Private or controlled roleplay that simulates public sexual availability without involving non-consenting bystanders.	Both	Psychological/Roleplay	Variable	High										Keep bystanders out of the scene.	3Fun; KinkSheet; Tumblr 400+ list	https://www.go3fun.co/poly-blog/list-of-kinks/; https://kinksheet.com/; https://5ummit.tumblr.com/post/686429062096355328/list-of-400-kinks-tropes	Added Sep 2026
adult-incest-taboo-family-role-fantasy	roleplay-scenario-kinks	Adult incest / taboo-family-role fantasy	Roleplay & Scenario Kinks	Consensual adult taboo roleplay using fictional family-role framing.	Both	Psychological/Roleplay	Variable	High										Adults only; fantasy/roleplay, not abuse.	3Fun; KinkSheet; Tumblr 400+ list	https://www.go3fun.co/poly-blog/list-of-kinks/; https://kinksheet.com/; https://5ummit.tumblr.com/post/686429062096355328/list-of-400-kinks-tropes	Added Sep 2026
threesome	group-dynamics-consensual-non-monogamy	Threesome	Group Dynamics & Consensual Non-Monogamy	Consensual sexual or erotic interaction among three adults.	Both	Relational/Sexual	Variable	Moderate										Communication, STI, and relationship boundaries.	3Fun; KinkSheet; Tumblr 400+ list	https://www.go3fun.co/poly-blog/list-of-kinks/; https://kinksheet.com/; https://5ummit.tumblr.com/post/686429062096355328/list-of-400-kinks-tropes	Added Sep 2026
swinging-soft-swap	group-dynamics-consensual-non-monogamy	Swinging - soft swap	Group Dynamics & Consensual Non-Monogamy	Couples engage with others while keeping some sexual activities exclusive to their primary partner.	Both	Relational/Sexual	Variable	Moderate										Definitions vary; agree on boundaries.	3Fun; KinkSheet; Tumblr 400+ list	https://www.go3fun.co/poly-blog/list-of-kinks/; https://kinksheet.com/; https://5ummit.tumblr.com/post/686429062096355328/list-of-400-kinks-tropes	Added Sep 2026
swinging-full-swap	group-dynamics-consensual-non-monogamy	Swinging - full swap	Group Dynamics & Consensual Non-Monogamy	Couples consensually exchange partners for broader sexual activity.	Both	Relational/Sexual	Variable	Moderate-High										Communication, STI, and emotional boundaries.	3Fun; KinkSheet; Tumblr 400+ list	https://www.go3fun.co/poly-blog/list-of-kinks/; https://kinksheet.com/; https://5ummit.tumblr.com/post/686429062096355328/list-of-400-kinks-tropes	Added Sep 2026
cuckolding	group-dynamics-consensual-non-monogamy	Cuckolding	Group Dynamics & Consensual Non-Monogamy	Consensual dynamic where one partner is aroused by their partner being sexual with someone else, often with submission or humiliation themes.	Both	Relational/Sexual	Variable	Moderate-High										Role meanings vary; emotional boundaries matter.	3Fun; KinkSheet; Tumblr 400+ list	https://www.go3fun.co/poly-blog/list-of-kinks/; https://kinksheet.com/; https://5ummit.tumblr.com/post/686429062096355328/list-of-400-kinks-tropes	Added Sep 2026
cuckqueaning	group-dynamics-consensual-non-monogamy	Cuckqueaning	Group Dynamics & Consensual Non-Monogamy	Gender-reversed or woman-centered counterpart to cuckolding dynamics.	Both	Relational/Sexual	Variable	Moderate-High										Role meanings vary; emotional boundaries matter.	3Fun; KinkSheet; Tumblr 400+ list	https://www.go3fun.co/poly-blog/list-of-kinks/; https://kinksheet.com/; https://5ummit.tumblr.com/post/686429062096355328/list-of-400-kinks-tropes	Added Sep 2026
stag-vixen-dynamic	group-dynamics-consensual-non-monogamy	Stag / vixen dynamic	Group Dynamics & Consensual Non-Monogamy	Consensual sharing dynamic emphasizing pride, compersion, or a partner's desirability rather than humiliation.	Both	Relational/Sexual	Variable	Moderate										Relationship agreements matter.	3Fun; KinkSheet; Tumblr 400+ list	https://www.go3fun.co/poly-blog/list-of-kinks/; https://kinksheet.com/; https://5ummit.tumblr.com/post/686429062096355328/list-of-400-kinks-tropes	Added Sep 2026
hotwifing	group-dynamics-consensual-non-monogamy	Hotwifing	Group Dynamics & Consensual Non-Monogamy	Consensual dynamic in which a married/partnered woman has sexual experiences with others with partner knowledge/encouragement.	Both	Relational/Sexual	Variable	Moderate-High										Relationship agreements and STI boundaries.	3Fun; KinkSheet; Tumblr 400+ list	https://www.go3fun.co/poly-blog/list-of-kinks/; https://kinksheet.com/; https://5ummit.tumblr.com/post/686429062096355328/list-of-400-kinks-tropes	Added Sep 2026
gangbang	group-dynamics-consensual-non-monogamy	Gangbang	Group Dynamics & Consensual Non-Monogamy	One consenting adult sexual participant with several consenting adult partners in the same encounter.	Both	Relational/Sexual	Variable	High										Complex consent, physical intensity, and STI considerations.	3Fun; KinkSheet; Tumblr 400+ list	https://www.go3fun.co/poly-blog/list-of-kinks/; https://kinksheet.com/; https://5ummit.tumblr.com/post/686429062096355328/list-of-400-kinks-tropes	Added Sep 2026
orgy-sex-party-interest	group-dynamics-consensual-non-monogamy	Orgy / sex-party interest	Group Dynamics & Consensual Non-Monogamy	Interest in consensual sexual environments involving multiple adults.	Both	Relational/Sexual	Variable	High										Venue rules, consent, STI, and privacy considerations.	3Fun; KinkSheet; Tumblr 400+ list	https://www.go3fun.co/poly-blog/list-of-kinks/; https://kinksheet.com/; https://5ummit.tumblr.com/post/686429062096355328/list-of-400-kinks-tropes	Added Sep 2026
same-room-sex	group-dynamics-consensual-non-monogamy	Same-room sex	Group Dynamics & Consensual Non-Monogamy	Multiple couples or partners have sex in the same room while remaining with their own partners.	Both	Relational/Sexual	Variable	Moderate										All observers/participants must consent.	3Fun; KinkSheet; Tumblr 400+ list	https://www.go3fun.co/poly-blog/list-of-kinks/; https://kinksheet.com/; https://5ummit.tumblr.com/post/686429062096355328/list-of-400-kinks-tropes	Added Sep 2026
group-masturbation	group-dynamics-consensual-non-monogamy	Group masturbation	Group Dynamics & Consensual Non-Monogamy	Multiple consenting adults masturbate together or in view of one another.	Both	Relational/Sexual	Variable	Moderate										Privacy and consent.	3Fun; KinkSheet; Tumblr 400+ list	https://www.go3fun.co/poly-blog/list-of-kinks/; https://kinksheet.com/; https://5ummit.tumblr.com/post/686429062096355328/list-of-400-kinks-tropes	Added Sep 2026
guest-star-invited-third-dynamic	group-dynamics-consensual-non-monogamy	Guest-star / invited-third dynamic	Group Dynamics & Consensual Non-Monogamy	A couple consensually invites another adult while intentionally preserving the third person's autonomy and boundaries.	Both	Relational/Sexual	Variable	Moderate										Avoid treating a third person as a prop.	3Fun; KinkSheet; Tumblr 400+ list	https://www.go3fun.co/poly-blog/list-of-kinks/; https://kinksheet.com/; https://5ummit.tumblr.com/post/686429062096355328/list-of-400-kinks-tropes	Added Sep 2026
open-relationship-interest	group-dynamics-consensual-non-monogamy	Open-relationship interest	Group Dynamics & Consensual Non-Monogamy	Interest in consensual non-monogamy where partners may form outside sexual or romantic connections.	Both	Relational/Sexual	Variable	Moderate										Relationship structure rather than a kink for everyone.	3Fun; KinkSheet; Tumblr 400+ list	https://www.go3fun.co/poly-blog/list-of-kinks/; https://kinksheet.com/; https://5ummit.tumblr.com/post/686429062096355328/list-of-400-kinks-tropes	Added Sep 2026
non-monogamy-multi-partner-interest	group-dynamics-consensual-non-monogamy	Non-monogamy / multi-partner interest	Group Dynamics & Consensual Non-Monogamy	Broad interest in consensual romantic or sexual connection involving more than two adults.	Both	Relational/Sexual	Variable	Moderate										Umbrella relationship orientation / interest.	3Fun; KinkSheet; Tumblr 400+ list	https://www.go3fun.co/poly-blog/list-of-kinks/; https://kinksheet.com/; https://5ummit.tumblr.com/post/686429062096355328/list-of-400-kinks-tropes	Added Sep 2026
harem-fantasy	group-dynamics-consensual-non-monogamy	Harem fantasy	Group Dynamics & Consensual Non-Monogamy	Fantasy of one person receiving attention from multiple consenting adult partners.	Both	Relational/Sexual	Variable	Moderate										Fantasy or consensual group dynamic.	3Fun; KinkSheet; Tumblr 400+ list	https://www.go3fun.co/poly-blog/list-of-kinks/; https://kinksheet.com/; https://5ummit.tumblr.com/post/686429062096355328/list-of-400-kinks-tropes	Added Sep 2026
glory-hole-fantasy	group-dynamics-consensual-non-monogamy	Glory-hole fantasy	Group Dynamics & Consensual Non-Monogamy	Erotic interest in anonymous-seeming sexual contact through a barrier while identities/visibility are reduced.	Both	Relational/Sexual	Variable	High										Consent, STI, and venue/legal considerations.	3Fun; KinkSheet; Tumblr 400+ list	https://www.go3fun.co/poly-blog/list-of-kinks/; https://kinksheet.com/; https://5ummit.tumblr.com/post/686429062096355328/list-of-400-kinks-tropes	Added Sep 2026
transformation-fantasy	surreal-transformation-fictional-fantasy	Transformation fantasy	Surreal, Transformation & Fictional Fantasy	Fantasy of bodily, identity, gender, species, or role transformation.	Both	Psychological/Fantasy	Variable	Low										Fictional/surreal.	KinkSheet; Tumblr 400+ list; TBô 2026 list	https://kinksheet.com/; https://5ummit.tumblr.com/post/686429062096355328/list-of-400-kinks-tropes; https://tbo.clothing/blogs/talk/kinks-list-2026-a-z-fetishes-psychology	Added Sep 2026
body-swap-fantasy	surreal-transformation-fictional-fantasy	Body-swap fantasy	Surreal, Transformation & Fictional Fantasy	Fantasy in which people exchange bodies or identities.	Both	Psychological/Fantasy	Variable	Low										Fictional/surreal.	KinkSheet; Tumblr 400+ list; TBô 2026 list	https://kinksheet.com/; https://5ummit.tumblr.com/post/686429062096355328/list-of-400-kinks-tropes; https://tbo.clothing/blogs/talk/kinks-list-2026-a-z-fetishes-psychology	Added Sep 2026
alien-fantasy	surreal-transformation-fictional-fantasy	Alien fantasy	Surreal, Transformation & Fictional Fantasy	Adult fantasy involving extraterrestrial or nonhuman partners/characters.	Both	Psychological/Fantasy	Variable	Low-Moderate										Fictional adult fantasy.	KinkSheet; Tumblr 400+ list; TBô 2026 list	https://kinksheet.com/; https://5ummit.tumblr.com/post/686429062096355328/list-of-400-kinks-tropes; https://tbo.clothing/blogs/talk/kinks-list-2026-a-z-fetishes-psychology	Added Sep 2026
tentacle-fantasy	surreal-transformation-fictional-fantasy	Tentacle fantasy	Surreal, Transformation & Fictional Fantasy	Adult fantasy involving fictional tentacles or nonhuman anatomy.	Both	Psychological/Fantasy	Variable	Moderate										Fictional adult fantasy.	KinkSheet; Tumblr 400+ list; TBô 2026 list	https://kinksheet.com/; https://5ummit.tumblr.com/post/686429062096355328/list-of-400-kinks-tropes; https://tbo.clothing/blogs/talk/kinks-list-2026-a-z-fetishes-psychology	Added Sep 2026
furry-anthropomorphic-fantasy	surreal-transformation-fictional-fantasy	Furry / anthropomorphic fantasy	Surreal, Transformation & Fictional Fantasy	Adult fantasy or attraction involving adult anthropomorphic characters.	Both	Psychological/Fantasy	Variable	Low-Moderate										Adult characters only.	KinkSheet; Tumblr 400+ list; TBô 2026 list	https://kinksheet.com/; https://5ummit.tumblr.com/post/686429062096355328/list-of-400-kinks-tropes; https://tbo.clothing/blogs/talk/kinks-list-2026-a-z-fetishes-psychology	Added Sep 2026
oviposition-fantasy	surreal-transformation-fictional-fantasy	Oviposition fantasy	Surreal, Transformation & Fictional Fantasy	Fictional adult fantasy involving egg-laying or eggs as a reproductive-surreal theme.	Both	Psychological/Fantasy	Variable	Moderate										Fantasy-only.	KinkSheet; Tumblr 400+ list; TBô 2026 list	https://kinksheet.com/; https://5ummit.tumblr.com/post/686429062096355328/list-of-400-kinks-tropes; https://tbo.clothing/blogs/talk/kinks-list-2026-a-z-fetishes-psychology	Added Sep 2026
vore-fantasy	surreal-transformation-fictional-fantasy	Vore fantasy	Surreal, Transformation & Fictional Fantasy	Fictional fantasy involving swallowing/being swallowed as a surreal size/predation theme.	Both	Psychological/Fantasy	Variable	Moderate-High										Fantasy-only; not real-world harm.	KinkSheet; Tumblr 400+ list; TBô 2026 list	https://kinksheet.com/; https://5ummit.tumblr.com/post/686429062096355328/list-of-400-kinks-tropes; https://tbo.clothing/blogs/talk/kinks-list-2026-a-z-fetishes-psychology	Added Sep 2026
alpha-beta-omega-omegaverse-fantasy	surreal-transformation-fictional-fantasy	Alpha / beta / omega (Omegaverse) fantasy	Surreal, Transformation & Fictional Fantasy	Fiction-derived role and biological hierarchy fantasy often involving dominance, scent, heats, or bonding tropes.	Both	Psychological/Fantasy	Variable	Moderate										Adult fictional fantasy.	KinkSheet; Tumblr 400+ list; TBô 2026 list	https://kinksheet.com/; https://5ummit.tumblr.com/post/686429062096355328/list-of-400-kinks-tropes; https://tbo.clothing/blogs/talk/kinks-list-2026-a-z-fetishes-psychology	Added Sep 2026
knotting-fantasy	surreal-transformation-fictional-fantasy	Knotting fantasy	Surreal, Transformation & Fictional Fantasy	Fictional adult fantasy involving nonhuman sexual anatomy associated with some fantasy/monster genres.	Both	Psychological/Fantasy	Variable	Moderate										Fictional adult fantasy.	KinkSheet; Tumblr 400+ list; TBô 2026 list	https://kinksheet.com/; https://5ummit.tumblr.com/post/686429062096355328/list-of-400-kinks-tropes; https://tbo.clothing/blogs/talk/kinks-list-2026-a-z-fetishes-psychology	Added Sep 2026
daily-praise-dynamic	relational-lifestyle-dynamics	Daily praise dynamic	Relational & Lifestyle Dynamics	Ongoing praise and affirmation used as a deliberate relational or D/s practice outside individual scenes.	Both	Relational/Psychological	Variable	Low-Moderate										Adult consensual relational dynamic.	3Fun; KinkSheet; TBô 2026 list	https://www.go3fun.co/poly-blog/list-of-kinks/; https://kinksheet.com/; https://tbo.clothing/blogs/talk/kinks-list-2026-a-z-fetishes-psychology	Added Sep 2026
morning-night-protocol	relational-lifestyle-dynamics	Morning / night protocol	Relational & Lifestyle Dynamics	Repeated daily ritual, greeting, check-in, or task that reinforces a relationship dynamic.	Both	Relational/Psychological	Variable	Low-Moderate										Adult consensual relational dynamic.	3Fun; KinkSheet; TBô 2026 list	https://www.go3fun.co/poly-blog/list-of-kinks/; https://kinksheet.com/; https://tbo.clothing/blogs/talk/kinks-list-2026-a-z-fetishes-psychology	Added Sep 2026
daily-rules-tasks	relational-lifestyle-dynamics	Daily rules & tasks	Relational & Lifestyle Dynamics	Ongoing assignment and reporting of agreed daily rules or tasks within D/s.	Both	Relational/Psychological	Variable	Low-Moderate										Adult consensual relational dynamic.	3Fun; KinkSheet; TBô 2026 list	https://www.go3fun.co/poly-blog/list-of-kinks/; https://kinksheet.com/; https://tbo.clothing/blogs/talk/kinks-list-2026-a-z-fetishes-psychology	Added Sep 2026
devotion-worship-dynamic	relational-lifestyle-dynamics	Devotion & worship dynamic	Relational & Lifestyle Dynamics	Relational focus on reverence, adoration, service, or symbolic devotion to a partner.	Both	Relational/Psychological	Variable	Low-Moderate										Adult consensual relational dynamic.	3Fun; KinkSheet; TBô 2026 list	https://www.go3fun.co/poly-blog/list-of-kinks/; https://kinksheet.com/; https://tbo.clothing/blogs/talk/kinks-list-2026-a-z-fetishes-psychology	Added Sep 2026
