Action ID	Label	Description	Context Categories	Source Origins	Notes
action-10-minute-lightning-brief	10-minute lightning brief	Learn enough to explain a topic in 5 bullets — compression + timer	accountability-structure:1.00	punishment|Cognitive 100|23	Safety/structure: Use accessible source material.
action-20-minute-research-brief	20-minute research brief	Research an unfamiliar harmless topic and produce 250 words — competence under time pressure	accountability-structure:1.00	punishment|Cognitive 100|22	Safety/structure: No sensitive/high-stakes topics.
action-300-word-hard-cap	300-word hard cap	Research deeply but final response cannot exceed 300 words — compression frustration	accountability-structure:1.00	punishment|Cognitive 100|33	Safety/structure: Word count can be approximate.
action-60-second-pitch	60-second pitch	Explain why a harmless idea matters in one minute — speed + synthesis	accountability-structure:1.00	punishment|Cognitive 100|35	Safety/structure: No penalty for normal speech stumbles.
action-achievement-ceremony	Achievement ceremony	Overly formal recognition for something mundane	playful-psychological:0.50;praise-recognition:1.00	reward|Rewards Bonus|45	Deliberately ridiculous.
action-aesthetic-snack-plate	Aesthetic snack plate	Favorite snacks arranged nicely instead of just handed over	care-pampering:0.75;choice-privilege:0.25	reward|Rewards Bonus|8	Reward is care + presentation.
action-affectionate-voice-memo	Affectionate voice memo	Taylor records a short loving/proud/flirty message	connection-attention:0.50;praise-recognition:0.75	reward|Rewards Bonus|12	Replayable reward.
action-align-four-objects-but-leave-one-crooked	Align four objects but leave one crooked	visual incompleteness	playful-psychological:0.75;sensory-intensity:0.50	punishment|Sensory-Control 100|82	Safety/structure: Harmless objects.
action-align-three-objects-leave-the-fourth-visibly-crooked	Align three objects, leave the fourth visibly crooked	Visual incompleteness	playful-psychological:0.75;sensory-intensity:0.50	punishment|Nontraditional 100|23	Safety/structure: Harmless household objects only.
action-alphabetize-ten-items-while-music-changes-unpredictably	Alphabetize ten items while music changes unpredictably	Focus under novelty — attention switching	accountability-structure:0.75;protocol-obedience:0.75	punishment|Cognitive 100|45	Safety/structure: Comfortable volume.
action-alternating-hand-and-paddle	Alternating hand and paddle	contrast of warm sting/thud — uncertainty	impact:1.00	punishment|Creative Pain 100|10	Safety/structure: Keep overall intensity bounded.
action-alternating-pinch-locations	Alternating pinch locations	sharp contrast — uncertainty	sensory-intensity:1.00	punishment|Creative Pain 100|41	Safety/structure: Stay within pre-approved areas.
action-alternating-sting-and-thud-implements	Alternating sting and thud implements	sensory contrast — keeps body guessing	impact:1.00	punishment|Creative Pain 100|11	Safety/structure: Pre-approve implements.
action-alternating-sting-thud-impacts	Alternating sting/thud impacts	unpredictable contrast — keeps the nervous system guessing	impact:1.00	punishment|Pain Batch 2|12	
action-alternating-warm-cool-sensations	Alternating warm/cool sensations	Nervous-system contrast	sensory-intensity:1.00	punishment|Creative Punishments|37	Avoid temperature extremes.
action-answer-what-matters-most-first	Answer 'what matters most?' first	Must prioritize immediately — priority judgment under scrutiny	accountability-structure:1.00	punishment|Cognitive 100|94	Safety/structure: Taylor can ask why afterward.
action-answer-a-question-only-after-a-ten-second-pause	Answer a question only after a ten-second pause	Blocks instant external processing	accountability-structure:0.50;restraint-control:0.75	punishment|Nontraditional 100|66	Safety/structure: Not during emotionally important conflict.
action-answer-follow-up-in-exactly-30-seconds	Answer follow-up in exactly 30 seconds	Concise thinking — time-boxed synthesis	accountability-structure:1.00	punishment|Cognitive 100|91	Safety/structure: Simple prompt.
action-answer-in-exactly-five-words	Answer in exactly five words	compression + speech constraint	protocol-obedience:0.50;restraint-control:1.00	punishment|Sensory-Control 100|53	Safety/structure: Low-stakes topic.
action-answer-only-yes-no-until-released	Answer only yes/no until released	restricted expression	protocol-obedience:0.50;restraint-control:1.00	punishment|Sensory-Control 100|54	Safety/structure: Safety/needs communication always unrestricted.
action-arms-held-out-with-a-light-object	Arms held out with a light object	Muscle fatigue + obedience	sensory-intensity:1.00	punishment|Creative Punishments|4	Keep the object light and duration short.
action-arms-out-hold	Arms-out hold	shoulder burn — composure + obedience	accountability-structure:0.75;sensory-intensity:0.50	punishment|Creative Pain 100|48	Safety/structure: No heavy weights; protect shoulders.
action-arms-out-hold-after-impact	Arms-out hold after impact	muscle fatigue + composure — requires staying controlled after pain	accountability-structure:0.75;protocol-obedience:0.75	punishment|Pain Batch 2|18	
action-arms-out-hold-with-light-book	Arms-out hold with light book	muscle fatigue — added ritual	accountability-structure:0.75;sensory-intensity:0.50	punishment|Creative Pain 100|49	Safety/structure: Keep load light.
action-arrange-cards-in-order-then-leave-one-out-of-sequence	Arrange cards in order, then leave one out of sequence	Pattern disruption	playful-psychological:0.75;sensory-intensity:0.50	punishment|Nontraditional 100|29	Safety/structure: Small deck only.
action-arrange-pillows-neatly-except-one-rotated-wrong	Arrange pillows neatly except one rotated wrong	Visual/tactile mismatch	playful-psychological:0.75;sensory-intensity:0.50	punishment|Nontraditional 100|40	Safety/structure: No interference with sleep.
action-ask-for-each-next-step	Ask for each next step	Cannot see the full workflow — information throttling	accountability-structure:0.75;playful-psychological:0.50	punishment|Cognitive 100|64	Safety/structure: Set a max duration.
action-ask-for-each-next-step-instead-of-seeing-whole-plan	Ask for each next step instead of seeing whole plan	information throttling	accountability-structure:0.75;restraint-control:0.50	punishment|Sensory-Control 100|75	Safety/structure: Known total length.
action-ask-permission-before-adding-another-explanation	Ask permission before adding another explanation	meta-control over elaboration	protocol-obedience:0.50;restraint-control:1.00	punishment|Sensory-Control 100|61	Safety/structure: Brief window only.
action-ask-permission-before-changing-position-for-five-minutes	Ask permission before changing position for five minutes	micro-protocol + control	accountability-structure:0.50;protocol-obedience:1.00	punishment|Sensory-Control 100|97	Safety/structure: Safety/comfort needs override.
action-ask-permission-before-making-a-harmless-process-improvement	Ask permission before making a harmless process improvement	Control over optimization	accountability-structure:0.75;playful-psychological:0.50	punishment|Nontraditional 100|97	Safety/structure: Short window.
action-ask-permission-before-scratching-an-itch	Ask permission before scratching an itch	minor frustration — micro-control	protocol-obedience:1.00	punishment|Creative Pain 100|77	Safety/structure: Short windows only.
action-ask-permission-before-sitting-down	Ask permission before sitting down	mild inconvenience — temporary power shift	protocol-obedience:1.00	punishment|Creative Pain 100|78	Safety/structure: Never applies to safety/medical needs.
action-ask-permission-for-one-normally-automatic-privilege	Ask permission for one normally automatic privilege	Temporary power shift	playful-psychological:1.00	punishment|Creative Punishments|54	Time-bounded and never applies to necessities.
action-ask-me-one-real-question-reward	Ask-me-one-real-question reward	Taylor asks something he genuinely wants to know about Jackie	connection-attention:1.00;playful-psychological:0.25	reward|Rewards Bonus|82	Curiosity/intimacy.
action-back-massage	Back massage	focused physical care	care-pampering:1.00	reward|Rewards 100|4	Already confirmed reward.
action-balance-a-soft-object-on-head-while-standing	Balance a soft object on head while standing	posture fatigue — restart-if-it-falls game	accountability-structure:0.75;sensory-intensity:0.50	punishment|Creative Pain 100|59	Safety/structure: Use harmless object.
action-bank-or-spend-choice	Bank-or-spend choice	Take a small reward now or bank toward a bigger one	choice-privilege:0.75;playful-psychological:1.00	reward|Rewards Bonus|56	Avoid creating stressful debt mechanics.
action-bankable-tell-me-why-youre-proud-of-me-token	Bankable 'tell me why you're proud of me' token	requested focused affirmation	praise-recognition:1.00;protocol-obedience:0.50	reward|Rewards 100|81	Redeem when wanted.
action-bath-concierge	Bath concierge	Taylor runs bath and handles towel/drink/setup	care-pampering:0.75;connection-attention:0.75	reward|Rewards Bonus|18	Pampering + no decisions.
action-begin-organizing-a-drawer-then-stop-with-one-section-unfinished	Begin organizing a drawer, then stop with one section unfinished	Interrupted completion	playful-psychological:0.75;sensory-intensity:0.50	punishment|Nontraditional 100|26	Safety/structure: Use a small area so it doesn't create real household burden.
action-bite-and-hold	Bite-and-hold	pressure + sharpness — combines pain with control	restraint-control:0.75;sensory-intensity:0.75	punishment|Pain Batch 2|10	
action-bite-and-hold-briefly	Bite-and-hold briefly	pressure + ache — stillness + control	sensory-intensity:1.00	punishment|Creative Pain 100|35	Safety/structure: Short duration; no tissue damage.
action-bite-and-release	Bite-and-release	pressure + sharpness — control + immediacy	sensory-intensity:1.00	punishment|Creative Pain 100|34	Safety/structure: Do not break skin; avoid vulnerable anatomy.
action-blanket-arranged-exactly-right	Blanket arranged exactly right	sensory resolution	sensory-intensity:1.00	reward|Rewards 100|86	Taylor does the arranging.
action-blanket-tucked-exactly-how-jackie-likes	Blanket tucked exactly how Jackie likes	sensory completion + care	care-pampering:1.00	reward|Rewards 100|20	Tiny but potentially high-value.
action-blanket-tucked-tightly-on-one-side-and-loose-on-the-other	Blanket tucked tightly on one side and loose on the other	Uneven pressure	playful-psychological:0.50;sensory-intensity:0.75	punishment|Nontraditional 100|10	Safety/structure: No breathing restriction.
action-blind-envelope-draw	Blind envelope draw	Random reward from an approved envelope pool	choice-privilege:0.75;playful-psychological:1.00	reward|Rewards Bonus|55	Only yes-list items.
action-blindfold-silence	Blindfold + silence	Deprivation + anticipation	sensory-intensity:1.00	punishment|Creative Punishments|34	Maintain easy safeword/signal access.
action-blindfold-verbal-instruction-only	Blindfold + verbal instruction only	Dependence on voice	sensory-intensity:1.00	punishment|Creative Punishments|35	Keep environment physically safe.
action-blindfold-during-a-mild-punishment	Blindfold during a mild punishment	amplified anticipation — uncertainty + sensory narrowing	playful-psychological:1.00	punishment|Creative Pain 100|94	Safety/structure: Maintain easy stop signal.
action-board-card-game-night	Board/card game night	play + connection	connection-attention:1.00	reward|Rewards 100|23	Already confirmed reward.
action-book-held-at-chest-height	Book held at chest height	arm burn — formal correction vibe	accountability-structure:0.75;sensory-intensity:0.50	punishment|Creative Pain 100|50	Safety/structure: Short duration.
action-book-held-overhead	Book held overhead	shoulder burn — endurance + obedience	accountability-structure:0.75;sensory-intensity:0.50	punishment|Creative Pain 100|51	Safety/structure: Light object only; avoid shoulder strain.
action-bookstore-wander	Bookstore wander	curiosity + outing	choice-privilege:1.00	reward|Rewards 100|55	No purchase required.
action-both-feet-massaged-equally	Both feet massaged equally	symmetry + touch	sensory-intensity:1.00	reward|Rewards 100|89	Completion satisfaction.
action-both-socks-freshly-changed-and-perfectly-smooth	Both socks freshly changed and perfectly smooth	sensory 'rightness'	sensory-intensity:1.00	reward|Rewards 100|83	Tiny but tailored.
action-brief-cold-object-hold-in-hand	Brief cold-object hold in hand	Sharp sensory input	sensory-intensity:1.00	punishment|Creative Punishments|10	Short, controlled exposure only.
action-brush-hair	Brush hair	soft care + intimacy	care-pampering:1.00	reward|Rewards 100|6	Already confirmed reward.
action-brush-hair-with-one-stroke-pause-repeat	Brush hair with one stroke, pause, repeat	Interrupts soothing rhythm	accountability-structure:0.50;restraint-control:0.75	punishment|Nontraditional 100|75	Safety/structure: Only if it is aversive; avoid tangles.
action-build-a-simple-block-pattern-from-a-picture-under-time-limit	Build a simple block pattern from a picture under time limit	Visual precision + timer — spatial performance	accountability-structure:0.75;protocol-obedience:0.75	punishment|Cognitive 100|49	Safety/structure: Large safe pieces.
action-build-a-symmetrical-pattern-then-remove-one-piece	Build a symmetrical pattern then remove one piece	broken symmetry	playful-psychological:0.75;sensory-intensity:0.50	punishment|Sensory-Control 100|91	Safety/structure: Safe pieces.
action-button-a-shirt-but-leave-one-harmless-middle-button-undone	Button a shirt but leave one harmless middle button undone	Pattern violation	playful-psychological:0.75;sensory-intensity:0.50	punishment|Nontraditional 100|36	Safety/structure: No wardrobe malfunction risk.
action-buy-one-stupid-little-thing-rule	Buy-one-stupid-little-thing rule	Purchase one amusing non-practical item	choice-privilege:1.00;playful-psychological:0.50	reward|Rewards Bonus|31	Tiny budget.
action-cane-taps-to-thighs-butt	Cane taps to thighs/butt	sharp, precise sting — highly disciplinary feel	impact:1.00	punishment|Pain Batch 2|2	
action-carry-a-note-card-saying-what-rule-was-broken	Carry a note/card saying what rule was broken	Mild embarrassment + reminder	playful-psychological:1.00	punishment|Creative Punishments|52	Keep private/public exposure within explicit consent.
action-carry-objects-individually-instead-of-batching	Carry objects individually instead of batching	No batching allowed	accountability-structure:0.75;playful-psychological:0.50	punishment|Nontraditional 100|87	Safety/structure: Light objects only.
action-carry-out-one-exact-service-instruction	Carry out one exact service instruction	mild effort — precision + restitution	protocol-obedience:1.00	punishment|Creative Pain 100|80	Safety/structure: Keep task reasonable.
action-caught-being-good-reward	Caught-being-good reward	Taylor spontaneously rewards something he genuinely noticed	playful-psychological:0.50;praise-recognition:1.00	reward|Rewards Bonus|51	Excellent non-transactional recognition.
action-celebratory-mini-presentation	Celebratory mini-presentation	Jackie teaches Taylor something cool she learned	connection-attention:0.50;playful-psychological:0.50;praise-recognition:0.75	reward|Rewards Bonus|44	Praise, not evaluation.
action-chair-hover	Chair hover	thigh burn — controlled discomfort	accountability-structure:0.75;sensory-intensity:0.50	punishment|Creative Pain 100|54	Safety/structure: Use nearby support.
action-checklist-with-one-harmless-item-left-unchecked	Checklist with one harmless item left unchecked	open-loop tension	playful-psychological:0.75;sensory-intensity:0.50	punishment|Sensory-Control 100|85	Safety/structure: Never essential tasks.
action-choose-a-gift-concept-for-a-fictional-person	Choose a gift concept for a fictional person	Must commit with incomplete info — ambiguity + decision burden	accountability-structure:0.75;playful-psychological:0.50	punishment|Cognitive 100|17	Safety/structure: Fictional scenario only.
action-choose-a-random-topic-category-for-your-own-assignment	Choose a random topic category for your own assignment	You create the constraint that will bind you — self-imposed decision	accountability-structure:0.75;playful-psychological:0.50	punishment|Cognitive 100|14	Safety/structure: Topic remains safe/low-stakes.
action-choose-criteria-before-seeing-options	Choose criteria before seeing options	Commit to evaluation framework first — limits post-hoc optimization	accountability-structure:0.75;playful-psychological:0.50	punishment|Cognitive 100|81	Safety/structure: Fictional choice set.
action-choose-from-10-equally-acceptable-options	Choose from 10 equally acceptable options	Must narrow a broad menu to one — choice overload	accountability-structure:0.75;playful-psychological:0.50	punishment|Cognitive 100|5	Safety/structure: All options genuinely acceptable.
action-choose-one-household-task-to-deprioritize	Choose one household task to deprioritize	Must explicitly let one thing wait — anti-completion + prioritization	accountability-structure:0.75;playful-psychological:0.50	punishment|Cognitive 100|11	Safety/structure: Only nonessential chores.
action-choose-one-of-three-imperfect-options	Choose one of three imperfect options	tradeoff discomfort	accountability-structure:0.50;protocol-obedience:1.00	punishment|Sensory-Control 100|95	Safety/structure: Fictional or harmless choices.
action-choose-one-reward-and-reject-the-other-two-for-that-night	Choose one reward and reject the other two for that night	Opportunity-cost discomfort — commitment + loss of alternatives	accountability-structure:0.75;playful-psychological:0.50	punishment|Cognitive 100|13	Safety/structure: All are optional pleasures.
action-choose-taylors-outfit-from-approved-options	Choose Taylor's outfit from approved options	Own another person's harmless aesthetic decision — decision responsibility	accountability-structure:0.75;playful-psychological:0.50	punishment|Cognitive 100|7	Safety/structure: Taylor pre-approves the available clothing.
action-choose-the-exact-takeout-order-under-a-time-limit	Choose the exact takeout order under a time limit	Decision ownership + timer — time pressure + finality	accountability-structure:0.75;playful-psychological:0.50	punishment|Cognitive 100|16	Safety/structure: Enough time to avoid panic; no food-needs interference.
action-choose-the-movie-and-commit-without-reopening	Choose the movie and commit without reopening	decision finality	accountability-structure:0.50;protocol-obedience:1.00	punishment|Sensory-Control 100|94	Safety/structure: Low stakes.
action-choose-the-movie-and-justify-it	Choose the movie and justify it	Pick one movie and give one reason; no 'whatever you want' — commitment + ownership	accountability-structure:0.75;playful-psychological:0.50	punishment|Cognitive 100|4	Safety/structure: No reopening after selection unless practical issue arises.
action-choose-the-next-weekend-micro-outing	Choose the next weekend micro-outing	Must make the call without brainstorming endlessly — closure pressure	accountability-structure:0.75;playful-psychological:0.50	punishment|Cognitive 100|20	Safety/structure: Can be a 30-minute outing.
action-choose-the-route-for-an-outing	Choose the route for an outing	Must pick route/parking plan without asking — uncertainty + ownership	accountability-structure:0.75;playful-psychological:0.50	punishment|Cognitive 100|8	Safety/structure: Navigation safety overrides game.
action-choose-which-of-three-chores-taylor-does-and-which-you-do	Choose which of three chores Taylor does and which you do	Must distribute labor explicitly — responsibility + fairness	accountability-structure:0.75;playful-psychological:0.50	punishment|Cognitive 100|18	Safety/structure: Keep chores small and optional.
action-choose-the-bedtime-vibe	Choose-the-bedtime-vibe	Jackie chooses movie/music/cuddle/game/quiet	choice-privilege:1.00;playful-psychological:0.50	reward|Rewards Bonus|23	Low-stakes agency reward.
action-choose-your-own-implement	Choose-your-own implement	self-selected punishment — can feel more intense psychologically	playful-psychological:1.00	punishment|Pain Batch 2|26	
action-chore-swap-coupon	Chore swap coupon	Swap a disliked chore for one Jackie minds less	care-pampering:0.50;service:1.00	reward|Rewards Bonus|22	Keep responsibilities balanced overall.
action-clean-a-surface-but-leave-one-harmless-spot-untouched	Clean a surface but leave one harmless spot untouched	Visual unfinishedness	playful-psychological:0.75;sensory-intensity:0.50	punishment|Nontraditional 100|32	Safety/structure: Not unsanitary mess.
action-clean-or-organize-one-specific-thing-as-restitution	Clean or organize one specific thing as restitution	Tangible corrective result	accountability-structure:0.50;playful-psychological:0.75	punishment|Creative Punishments|45	Good low-intensity option.
action-closed-book-summary	Closed-book summary	Study for 10 minutes, close materials, summarize from memory — memory + performance	accountability-structure:1.00	punishment|Cognitive 100|30	Safety/structure: No shaming for forgetting.
action-clothespins-on-agreed-low-risk-areas	Clothespins on agreed low-risk areas	sustained pinch — anticipation + removal sensitivity	sensory-intensity:1.00	punishment|Creative Pain 100|25;punishment|Creative Punishments|9	Safety/structure: Monitor color/circulation; keep duration short. | Pre-agree placement and duration.
action-coat-fingertips-lightly-with-syrup-and-wait-before-washing	Coat fingertips lightly with syrup and wait before washing	Sticky residue + delayed resolution	sensory-intensity:1.00	punishment|Nontraditional 100|50	Safety/structure: Small amount; keep away from electronics/fabrics.
action-coffee-shop-date	Coffee shop date	out-of-house connection	choice-privilege:1.00	reward|Rewards 100|57	Short and easy.
action-coffee-drink-couch-conversation	Coffee/drink + couch conversation	low-pressure connection	connection-attention:1.00	reward|Rewards 100|34	Casual, not relationship summit.
action-cold-damp-cloth-on-back-of-neck	Cold damp cloth on back of neck	cold + localized wetness	sensory-intensity:1.00	punishment|Sensory-Control 100|13	Safety/structure: Avoid if it causes headache/dizziness.
action-cold-shower-followed-by-a-required-30-second-stillness-before-toweling	Cold shower followed by a required 30-second stillness before toweling	delayed sensory resolution	sensory-intensity:1.00	punishment|Sensory-Control 100|6	Safety/structure: Warm room; stop if shivering becomes intense.
action-cold-shower-while-counting-slowly	Cold shower while counting slowly	cold + forced attention	sensory-intensity:1.00	punishment|Sensory-Control 100|4	Safety/structure: Known count/end point.
action-cold-shower-with-arms-kept-at-sides	Cold shower with arms kept at sides	cold + reduced ability to shield body	sensory-intensity:1.00	punishment|Sensory-Control 100|3	Safety/structure: No restraint; normal movement always allowed for safety.
action-cold-shower-with-visible-timer	Cold shower with visible timer	anticipation + sustained cold	sensory-intensity:1.00	punishment|Sensory-Control 100|5	Safety/structure: Short, explicit maximum.
action-cold-shower-short-bounded-interval	Cold shower, short bounded interval	whole-body cold + loss of preferred sensory control	sensory-intensity:1.00	punishment|Sensory-Control 100|2	Safety/structure: Keep brief; stop for dizziness, numbness, breathing difficulty, or distress.
action-cold-wet-hands-placed-briefly-on-shoulders-arms	Cold wet hands placed briefly on shoulders/arms	unexpected cold + touch	sensory-intensity:1.00	punishment|Sensory-Control 100|21	Safety/structure: No extreme cold or startling if unsafe.
action-collar-ritual-item-moment-if-desired	Collar/ritual-item moment if desired	symbolic recognition + connection	praise-recognition:1.00;protocol-obedience:0.50	reward|Rewards 100|75	Only if already meaningful/consensual.
action-combo-reward	Combo reward	Bundle two or three small rewards	choice-privilege:0.75;playful-psychological:1.00	reward|Rewards Bonus|58	Good for milestones.
action-come-here-token	Come-here token	Redeem for a short intentional cuddle when practical	care-pampering:0.75;connection-attention:0.75	reward|Rewards Bonus|13	Not an entitlement to interrupt urgent needs.
action-come-sit-with-me-summons	Come-sit-with-me summons	Taylor claims Jackie for intentional cuddles	connection-attention:1.00	reward|Rewards Bonus|69	Reward because she gets chosen.
action-comparison-matrix	Comparison matrix	Compare A/B/C on exactly four criteria — structured analysis	accountability-structure:1.00	punishment|Cognitive 100|36	Safety/structure: Criteria chosen in advance.
action-complete-a-checklist-except-one-harmless-item-stays-unchecked-until-release	Complete a checklist except one harmless item stays unchecked until release	Open-loop tension	playful-psychological:0.75;sensory-intensity:0.50	punishment|Nontraditional 100|30	Safety/structure: Never use medication, hygiene, food, or safety tasks.
action-complete-a-simple-command-sequence-perfectly	Complete a simple command sequence perfectly	Precision + correction	protocol-obedience:1.00	punishment|Creative Punishments|21	Keep it playful and achievable.
action-complete-a-small-task-with-materials-placed-inconveniently-apart	Complete a small task with materials placed inconveniently apart	Extra steps	accountability-structure:0.75;playful-psychological:0.50	punishment|Nontraditional 100|99	Safety/structure: No trip hazards.
action-complete-a-task-without-multitasking	Complete a task without multitasking	Denial of concurrency	accountability-structure:0.50;restraint-control:0.75	punishment|Nontraditional 100|77	Safety/structure: Short, harmless task.
action-complete-a-three-command-sequence	Complete a three-command sequence	precision — must listen carefully	protocol-obedience:1.00	punishment|Creative Pain 100|74	Safety/structure: Keep achievable, not trick-based.
action-complete-a-tiny-block-build-using-only-the-shown-image	Complete a tiny block build using only the shown image	Spatial inference — no step-by-step support	accountability-structure:0.75;protocol-obedience:0.75	punishment|Cognitive 100|57	Safety/structure: Large enough pieces to be safe.
action-complete-a-tiny-cleanup-task-using-only-one-hand	Complete a tiny cleanup task using only one hand	Efficiency restriction	accountability-structure:0.50;restraint-control:0.75	punishment|Nontraditional 100|69	Safety/structure: No knives, heat, breakables, or hazardous tasks.
action-complete-a-trivial-task-without-preparing-all-materials-first	Complete a trivial task without preparing all materials first	Workflow inefficiency	accountability-structure:0.75;playful-psychological:0.50	punishment|Nontraditional 100|88	Safety/structure: No safety-sensitive tasks.
action-complete-task-in-taylors-chosen-order	Complete task in Taylor's chosen order	loss of prioritization control	accountability-structure:0.75;restraint-control:0.50	punishment|Sensory-Control 100|74	Safety/structure: All tasks nonessential.
action-consistency-jackpot	Consistency jackpot	Surprise reward after sustained effort	playful-psychological:0.50;praise-recognition:1.00	reward|Rewards Bonus|52	Not a rigid streak that punishes one miss.
action-convince-me-game	Convince-me game	Jackie gets five minutes to persuade Taylor about something inconsequential	connection-attention:0.75;playful-psychological:0.75	reward|Rewards Bonus|42	Playful rhetoric.
action-cool-shower-while-taylor-controls-when-it-returns-warm	Cool shower while Taylor controls when it returns warm	loss of sensory control + anticipation	sensory-intensity:1.00	punishment|Sensory-Control 100|17	Safety/structure: Pre-agreed short max; Jackie can stop at any time.
action-cool-water-over-one-leg-only	Cool water over one leg only	temperature asymmetry	sensory-intensity:1.00	punishment|Sensory-Control 100|15	Safety/structure: Non-slip setup.
action-copy-a-paragraph-with-zero-abbreviations	Copy a paragraph with zero abbreviations	Forced exactness — suppresses shorthand	accountability-structure:0.75;protocol-obedience:0.75	punishment|Cognitive 100|60	Safety/structure: Keep short.
action-copy-a-pattern-without-rotating-the-paper	Copy a pattern without rotating the paper	Spatial constraint — denied preferred adjustment	accountability-structure:0.75;protocol-obedience:0.75	punishment|Cognitive 100|54	Safety/structure: Simple pattern.
action-copy-a-short-paragraph-perfectly-under-a-timer	Copy a short paragraph perfectly under a timer	Precision + time pressure — accuracy under countdown	accountability-structure:0.75;protocol-obedience:0.75	punishment|Cognitive 100|43	Safety/structure: Short enough to prevent hand strain.
action-correction-card-drawn-from-approved-deck	Correction card drawn from approved deck	uncertainty — ritualized randomness	playful-psychological:1.00	punishment|Creative Pain 100|101	Safety/structure: Deck pre-screened together.
action-correction-ritual-ending-with-formal-release	Correction ritual ending with formal release	Containment + closure	accountability-structure:0.50;playful-psychological:0.75	punishment|Creative Punishments|50	Explicit 'done/resolved' ending can prevent lingering shame.
action-count-backward-through-impacts	Count backward through impacts	cognitive load + sting — harder concentration	playful-psychological:1.00;protocol-obedience:1.00	punishment|Creative Pain 100|70;punishment|Pain Batch 2|24	Safety/structure: Keep arithmetic simple.
action-count-backward-while-folding-towels	Count backward while folding towels	Cognitive interference — working-memory load	accountability-structure:0.75;protocol-obedience:0.75	punishment|Cognitive 100|50	Safety/structure: Simple numbers only.
action-count-each-impact-aloud	Count each impact aloud	attention under pain — ritual + accountability	protocol-obedience:1.00	punishment|Creative Pain 100|69	Safety/structure: Pre-agreed physical play only.
action-count-each-impact-sensation	Count each impact/sensation	Keeps attention present	protocol-obedience:1.00	punishment|Creative Punishments|18	Use only with already-negotiated physical play.
action-cozy-nest-prepared-in-advance	Cozy nest prepared in advance	being cared for before asking	care-pampering:1.00	reward|Rewards 100|9	Blankets, pillows, drink, charger ready.
action-craft-hobby-store-wander	Craft/hobby store wander	idea stimulation + outing	choice-privilege:1.00	reward|Rewards 100|64	Purchase optional.
action-create-something-together	Create something together	shared novelty + collaboration	choice-privilege:0.75;playful-psychological:0.50	reward|Rewards 100|99	Could be cooking, craft, game build, etc.
action-create-the-evening-schedule	Create the evening schedule	Assign times/order for dinner, game, bath, movie, etc. — planning burden	accountability-structure:0.75;playful-psychological:0.50	punishment|Cognitive 100|9	Safety/structure: Keep flexible if real needs arise.
action-curiosity-roulette	Curiosity roulette	Taylor asks a weird question and you rabbit-hole together	connection-attention:0.75;playful-psychological:0.75	reward|Rewards Bonus|40	Pure shared curiosity.
action-defend-the-opposite	Defend the opposite	Make the strongest case for a harmless position you initially dislike — cognitive flexibility	accountability-structure:1.00	punishment|Cognitive 100|29	Safety/structure: Avoid personally sensitive beliefs.
action-defend-your-decision-for-two-minutes-without-adding-new-options	Defend your decision for two minutes without adding new options	Must commit instead of reopening — commitment + no hedging	accountability-structure:1.00	punishment|Cognitive 100|99	Safety/structure: Harmless decision only.
action-delayed-access-to-a-treat	Delayed access to a treat	Anticipation + denial	accountability-structure:0.50;playful-psychological:0.75	punishment|Creative Punishments|47	Short and clearly bounded.
action-delayed-impact	Delayed impact	anticipation > force — waiting before each one adds psychological weight	playful-psychological:1.00	punishment|Pain Batch 2|23	
action-delayed-reward-after-consequence	Delayed reward after consequence	frustration + anticipation — contrast	playful-psychological:1.00	punishment|Creative Pain 100|99	Safety/structure: Short, bounded delay.
action-dessert-run	Dessert run	tiny spontaneous outing	choice-privilege:1.00	reward|Rewards 100|58	Food is reward only, never withheld as punishment.
action-do-not-combine-two-compatible-chores	Do not combine two compatible chores	Forced serial processing	accountability-structure:0.75;playful-psychological:0.50	punishment|Nontraditional 100|94	Safety/structure: Tiny tasks only.
action-do-not-correct-taylors-harmless-inefficient-demonstration	Do not correct Taylor's harmless inefficient demonstration	Suppress the urge to optimize — suppressed correction impulse	accountability-structure:0.75;playful-psychological:0.50	punishment|Cognitive 100|77	Safety/structure: No consequential tasks.
action-do-not-multitask-during-a-tiny-chore	Do not multitask during a tiny chore	denial of concurrency	accountability-structure:0.75;restraint-control:0.50	punishment|Sensory-Control 100|70	Safety/structure: Brief task only.
action-dont-move-drill	Don't-move drill	stillness under urge to react — lizard brain vs chosen obedience	protocol-obedience:1.00	punishment|Creative Pain 100|62;punishment|Creative Punishments|12	Safety/structure: Safewords/necessary movement always override. | Safewords and necessary movement always override.
action-double-reward-coin-flip	Double-reward coin flip	Chance to turn one reward into two	playful-psychological:0.50;praise-recognition:1.00	reward|Rewards Bonus|48	Pure gamification.
action-dramatic-complaint-pass	Dramatic-complaint pass	Taylor enthusiastically validates a low-stakes injustice	playful-psychological:1.00	reward|Rewards Bonus|78	For silly complaints, not serious issues.
action-drink-brought-to-jackie-without-asking	Drink brought to Jackie without asking	anticipatory caretaking	care-pampering:1.00	reward|Rewards 100|18	Favorite normal drink.
action-drip-clean-water-down-one-side-of-face-only	Drip clean water down one side of face only	facial asymmetry + wetness	sensory-intensity:1.00	punishment|Sensory-Control 100|20	Safety/structure: Small amounts, nose/mouth clear.
action-drive-with-music-and-no-destination	Drive with music and no destination	novelty + togetherness	choice-privilege:1.00	reward|Rewards 100|59	Taylor can plan route.
action-drive-thru-surprise	Drive-thru surprise	Taylor drives somewhere and Jackie finds out on arrival	choice-privilege:1.00;playful-psychological:0.50	reward|Rewards Bonus|26	Pre-approved category/location range.
action-earn-release-by-completing-a-tiny-task	Earn release by completing a tiny task	Resolution + closure	accountability-structure:0.50;playful-psychological:0.75	punishment|Creative Punishments|51	Avoid open-ended or escalating demands.
action-eli5-challenge	ELI5 challenge	Learn something technical, then explain it without jargon — translation skill + constraint	accountability-structure:1.00	punishment|Cognitive 100|28	Safety/structure: Taylor judges clarity, not perfection.
action-executive-memo	Executive memo	Write Decision / Evidence / Risk / Next Step in 200 words — structured reasoning	accountability-structure:1.00	punishment|Cognitive 100|27	Safety/structure: Harmless hypothetical topic.
action-explain-it-to-three-audiences	Explain it to three audiences	Child / peer / executive versions — flexibility + format switching	accountability-structure:1.00	punishment|Cognitive 100|97	Safety/structure: Short versions.
action-explain-the-better-method-but-still-use-assigned-method	Explain the better method but still use assigned method	optimization denied after recognition	accountability-structure:0.75;restraint-control:0.50	punishment|Sensory-Control 100|80	Safety/structure: Tiny harmless task.
action-explain-the-better-method-but-still-use-the-assigned-one	Explain the better method but still use the assigned one	Awareness + denied implementation — optimization frustration	accountability-structure:0.75;playful-psychological:0.50	punishment|Cognitive 100|78	Safety/structure: Makes the constraint explicit.
action-explain-what-happened-without-excuses	Explain what happened without excuses	Directness	playful-psychological:1.00	punishment|Creative Punishments|26	Behavior-focused, not adversarial.
action-explain-why-you-missed-a-requirement	Explain why you missed a requirement	Process diagnosis instead of immediate fixing — accountability	accountability-structure:1.00	punishment|Cognitive 100|89	Safety/structure: Focus on process, not blame.
action-extra-long-hello-goodbye-cuddle	Extra-long hello/goodbye cuddle	Exaggerated reunion cuddle despite WFH life	connection-attention:1.00	reward|Rewards Bonus|68	Comedically appropriate.
action-eye-contact-impact	Eye-contact impact	psychological intensity — harder to mentally detach	playful-psychological:1.00	punishment|Pain Batch 2|29	
action-eyes-forward-stance	Eyes-forward stance	stillness — composure	protocol-obedience:1.00	punishment|Creative Pain 100|67	Safety/structure: Low-risk ritual element.
action-face-splash-from-cupped-clean-water	Face splash from cupped clean water	sudden wet-face sensation	sensory-intensity:1.00	punishment|Sensory-Control 100|9	Safety/structure: Small amount only; no forced inhalation.
action-fact-inference-unknown-brief	Fact / inference / unknown brief	Research topic and separate each claim into those three buckets — epistemic discipline	accountability-structure:1.00	punishment|Cognitive 100|38	Safety/structure: Encourages precision, not shame.
action-fast-food-night	Fast food night	indulgence + convenience	choice-privilege:1.00	reward|Rewards 100|53	Already confirmed reward.
action-favorite-takeout-picnic-at-home	Favorite takeout picnic at home	comfort + novelty	choice-privilege:1.00	reward|Rewards 100|65	Floor blanket / living room counts.
action-favorite-memory-story	Favorite-memory story	Taylor chooses one memory and says why it matters	connection-attention:1.00	reward|Rewards Bonus|63	Specific emotional attention.
action-favorite-scent-environment-setup	Favorite-scent environment setup	Room prepared with a preferred scent/vibe	care-pampering:0.75;sensory-intensity:1.00	reward|Rewards Bonus|73	Use tolerated scents only.
action-find-the-hidden-assumption	Find the hidden assumption	Read a short scenario and identify the key unstated assumption — pattern recognition under timer	accountability-structure:1.00	punishment|Cognitive 100|39	Safety/structure: Fictional scenarios.
action-fingernail-pinch	Fingernail pinch	narrow sharp pressure — small but intense correction	sensory-intensity:1.00	punishment|Creative Pain 100|24	Safety/structure: Avoid breaking skin.
action-fingernail-pinches	Fingernail pinches	narrow, sharp pressure — precise and easy to pair with obedience	sensory-intensity:1.00	punishment|Pain Batch 2|8	
action-fingertips-lightly-coated-in-syrup-before-waiting-to-wash	Fingertips lightly coated in syrup before waiting to wash	sticky residue + delayed relief	sensory-intensity:1.00	punishment|Sensory-Control 100|43	Safety/structure: Tiny amount, short wait.
action-finish-a-normal-warm-shower-with-a-brief-cool-rinse	Finish a normal warm shower with a brief cool rinse	pleasant-to-aversive contrast	sensory-intensity:1.00	punishment|Sensory-Control 100|16	Safety/structure: No extreme temperatures.
action-firm-brush-strokes	Firm brush strokes	prickly sting — repetitive sensory correction	sensory-intensity:1.00	punishment|Creative Pain 100|30	Safety/structure: Use skin-safe brush, stop before irritation.
action-firm-brush-strokes-on-skin	Firm brush strokes on skin	prickly / stingy — can feel corrective rather than soothing	sensory-intensity:1.00	punishment|Pain Batch 2|21	
action-firm-grip-squeeze-on-fleshy-area	Firm grip squeeze on fleshy area	deep localized pressure — controlled discomfort	sensory-intensity:1.00	punishment|Creative Pain 100|38	Safety/structure: Avoid nerves/joints and numbness.
action-firm-pinching	Firm pinching	sharp localized pressure — precision + control	sensory-intensity:1.00	punishment|Creative Pain 100|22	Safety/structure: Avoid nerves, bruised skin, and fragile areas.
action-firm-pressure-massage-used-as-discipline	Firm pressure massage used as discipline	Intense sensation without impact	sensory-intensity:1.00	punishment|Creative Punishments|11	Avoid vulnerable areas.
action-five-sentence-hard-cap	Five-sentence hard cap	Explain something nuanced in exactly five sentences — constraint + external processing denial	accountability-structure:1.00	punishment|Cognitive 100|34	Safety/structure: Low-stakes topic.
action-flicking	Flicking	tiny sharp sting — annoyance + repetition	sensory-intensity:1.00	punishment|Creative Pain 100|28;punishment|Pain Batch 2|7	Safety/structure: Avoid face/eyes and vulnerable tissue.
action-fold-a-towel-halfway-and-leave-it	Fold a towel halfway and leave it	completion itch	playful-psychological:0.75;sensory-intensity:0.50	punishment|Sensory-Control 100|83	Safety/structure: Short duration.
action-fold-laundry-one-item-at-a-time-with-a-pause-between-items	Fold laundry one item at a time with a pause between items	Deliberate inefficiency	accountability-structure:0.50;restraint-control:0.75	punishment|Nontraditional 100|65	Safety/structure: Small batch only.
action-follow-a-deliberately-over-specific-instruction-set	Follow a deliberately over-specific instruction set	Constraint + inefficiency	accountability-structure:0.75;playful-psychological:0.50	punishment|Nontraditional 100|98	Safety/structure: No trick instructions.
action-follow-a-deliberately-verbose-checklist	Follow a deliberately verbose checklist	Cannot collapse steps — procedural annoyance	accountability-structure:0.75;playful-psychological:0.50	punishment|Cognitive 100|74	Safety/structure: Keep total task short.
action-follow-an-intentionally-inefficient-but-harmless-method	Follow an intentionally inefficient but harmless method	Systems-brain frustration	accountability-structure:0.75;playful-psychological:0.50;restraint-control:0.50	punishment|Nontraditional 100|82;punishment|Sensory-Control 100|67	Safety/structure: Never use for safety-critical or work tasks. | Safety/structure: Tiny low-stakes task.
action-follow-one-step-at-a-time-instructions-for-a-simple-task	Follow one-step-at-a-time instructions for a simple task	external pacing + submission	accountability-structure:0.50;protocol-obedience:1.00	punishment|Sensory-Control 100|99	Safety/structure: Harmless task.
action-follow-spoken-instructions-without-seeing-the-full-list	Follow spoken instructions without seeing the full list	Information gating + precision — no preview / no optimization	accountability-structure:0.75;protocol-obedience:0.75	punishment|Cognitive 100|56	Safety/structure: Only harmless tasks.
action-foot-massage	Foot massage	direct care + physical attention	care-pampering:1.00	reward|Rewards 100|3	Already confirmed reward.
action-forearm-plank-with-counting-task	Forearm plank with counting task	full-body burn — cognitive load	accountability-structure:0.75;sensory-intensity:0.50	punishment|Creative Pain 100|47	Safety/structure: Stop for sharp pain.
action-formal-3-minute-presentation-to-taylor	Formal 3-minute presentation to Taylor	Stand/sit in designated presentation spot and deliver the result — performance + authority framing	accountability-structure:1.00	punishment|Cognitive 100|82	Safety/structure: No humiliation; constructive tone.
action-formal-dismissal-after-acceptance	Formal dismissal after acceptance	Taylor says the assignment is complete and Jackie may stop refining — closure + authority	accountability-structure:1.00	punishment|Cognitive 100|101	Safety/structure: Explicitly marks 'done' as resolved.
action-formal-inspection-after-punishment	Formal inspection after punishment	vulnerability — closure + acknowledgment	playful-psychological:1.00;protocol-obedience:1.00	punishment|Creative Pain 100|97;punishment|Pain Batch 2|30	Safety/structure: Behavior-focused.
action-formal-kneel-wait-dismiss-ritual	Formal kneel-wait-dismiss ritual	pressure + stillness — clear disciplinary arc	protocol-obedience:1.00	punishment|Creative Pain 100|81	Safety/structure: Include explicit end/release.
action-formal-reward-acknowledgement	Formal reward acknowledgement	ritualized 'you earned this' moment	praise-recognition:1.00;protocol-obedience:0.50	reward|Rewards 100|71	Distinct from baseline affection.
action-formal-start-and-release-phrase-for-punishment	Formal start-and-release phrase for punishment	ritual + containment	accountability-structure:0.50;protocol-obedience:1.00	punishment|Sensory-Control 100|100	Safety/structure: Explicitly marks beginning/end.
action-formal-statement-that-punishment-is-complete	Formal statement that punishment is complete	relief — clear emotional closure	playful-psychological:1.00	punishment|Creative Pain 100|98	Safety/structure: Prevents lingering 'still in trouble' feeling.
action-fresh-clean-pajamas-fresh-bedding	Fresh clean pajamas + fresh bedding	whole-body sensory reset	sensory-intensity:1.00	reward|Rewards 100|85	Strong comfort reward.
action-fresh-favorite-blanket-pajamas-waiting	Fresh favorite blanket/pajamas waiting	Clean comfort items ready before Jackie asks	care-pampering:0.75;sensory-intensity:1.00	reward|Rewards Bonus|72	Anticipatory care.
action-fresh-sheets-shower-cuddle-setup	Fresh sheets + shower + cuddle setup	sensory reset + comfort	care-pampering:1.00	reward|Rewards 100|8	Strong 'everything feels right' reward.
action-full-you-do-nothing-pamper-hour	Full 'you do nothing' pamper hour	surrender of responsibility + care	care-pampering:1.00	reward|Rewards 100|21	Taylor decides the sequence from approved options.
action-full-tv-control-night	Full TV control night	Jackie picks what is watched without negotiation	choice-privilege:1.00;playful-psychological:0.50	reward|Rewards Bonus|24	Playful privilege.
action-give-a-confidence-score-with-each-conclusion	Give a confidence score with each conclusion	Forces uncertainty calibration — epistemic discipline	accountability-structure:1.00	punishment|Cognitive 100|95	Safety/structure: No punishment for low confidence.
action-gold-star-sticker-token	Gold-star / sticker token	visible progress marker	praise-recognition:1.00;protocol-obedience:0.50	reward|Rewards 100|80	Cute low-stakes reinforcement.
action-guilt-free-hobby-block	Guilt-free hobby block	permission to disappear into interest	choice-privilege:0.75;playful-psychological:0.50	reward|Rewards 100|92	No chores attached.
action-hair-brushed-evenly-until-it-feels-right	Hair brushed evenly until it feels right	symmetry + care	sensory-intensity:1.00	reward|Rewards 100|84	Stop before scalp sensitivity.
action-hair-pulling-close-to-scalp	Hair pulling close to scalp	scalp tension — control + posture	sensory-intensity:1.00	punishment|Creative Pain 100|36	Safety/structure: Pull close to scalp, not from hair ends.
action-hair-tucked-behind-one-ear-only	Hair tucked behind one ear only	persistent asymmetry awareness	playful-psychological:0.50;sensory-intensity:0.75	punishment|Sensory-Control 100|26	Safety/structure: Easy reset after.
action-hair-tucked-behind-only-one-ear	Hair tucked behind only one ear	Persistent 'wrong side' awareness	playful-psychological:0.50;sensory-intensity:0.75	punishment|Nontraditional 100|8	Safety/structure: Easy reset afterward.
action-hair-wash-scalp-massage	Hair wash + scalp massage	focused caretaking + sensory comfort	care-pampering:1.00	reward|Rewards 100|2	Taylor handles setup; use normal hair products.
action-hair-play-block	Hair-play block	Dedicated brushing/scalp-scratch/styling time	care-pampering:0.75;connection-attention:0.75	reward|Rewards Bonus|19	Pure care.
action-hair-pull-posture-cue	Hair-pull posture cue	scalp tension — physical guidance + obedience	sensory-intensity:1.00	punishment|Creative Pain 100|37	Safety/structure: No neck jerking.
action-hairline-rinse-with-water-allowed-to-run-over-face	Hairline rinse with water allowed to run over face	loss of control over water path	sensory-intensity:1.00	punishment|Sensory-Control 100|11	Safety/structure: Standing stable; no pressure over airway.
action-hand-massage	Hand massage	focused tending + touch	care-pampering:1.00	reward|Rewards 100|14	Good low-effort reward.
action-hand-spanking-with-counting	Hand spanking with counting	warm sting — counting + accountability	impact:1.00	punishment|Creative Pain 100|2	Safety/structure: Keep force moderate and away from joints/spine.
action-handle-a-cotton-ball-with-slightly-damp-fingertips	Handle a cotton ball with slightly damp fingertips	texture mismatch	sensory-intensity:1.00	punishment|Sensory-Control 100|49	Safety/structure: Clean materials.
action-handle-a-damp-sponge-with-bare-hands	Handle a damp sponge with bare hands	Wet compression	sensory-intensity:1.00	punishment|Nontraditional 100|44	Safety/structure: Clean sponge, room-temperature water.
action-handle-a-dry-cotton-ball-with-slightly-damp-fingertips	Handle a dry cotton ball with slightly damp fingertips	Texture mismatch	sensory-intensity:1.00	punishment|Nontraditional 100|57	Safety/structure: Clean materials only.
action-handle-a-peeled-tomato-or-similar-slippery-food	Handle a peeled tomato or similar slippery food	slippery + delicate texture	sensory-intensity:1.00	punishment|Sensory-Control 100|51	Safety/structure: Food-safe and contained.
action-handle-a-peeled-tomato-or-similarly-slippery-food	Handle a peeled tomato or similarly slippery food	Slippery skinless texture	sensory-intensity:1.00	punishment|Nontraditional 100|61	Safety/structure: Food-safe, contained surface.
action-handle-cooked-cooled-pasta-with-bare-hands	Handle cooked, cooled pasta with bare hands	Slippery + limp texture	sensory-intensity:1.00	punishment|Nontraditional 100|47	Safety/structure: Fresh, cooled food; no choking context.
action-handle-cooled-cooked-pasta	Handle cooled cooked pasta	slippery + limp texture	sensory-intensity:1.00	punishment|Sensory-Control 100|40	Safety/structure: Fresh/cooled only.
action-hands-on-head-hands-behind-back-posture	Hands-on-head / hands-behind-back posture	Visible submission	protocol-obedience:1.00	punishment|Creative Punishments|16	Avoid painful shoulder positions.
action-hands-on-head-posture	Hands-on-head posture	mild shoulder fatigue — visible submission	protocol-obedience:1.00	punishment|Creative Pain 100|65	Safety/structure: Short intervals.
action-head-in-lap-hair-play	Head-in-lap hair play	care + physical closeness	care-pampering:1.00	reward|Rewards 100|11	Low effort, high emotional value.
action-headphones-recording	Headphones + recording	Isolation + immersion	sensory-intensity:1.00	punishment|Creative Punishments|36	Ensure an immediate stop signal is still available.
action-headphones-with-non-startling-audio-during-posture-hold	Headphones with non-startling audio during posture hold	isolation + focus — immersion	playful-psychological:1.00	punishment|Creative Pain 100|95	Safety/structure: Do not block emergency communication.
action-hidden-note	Hidden note	Taylor hides an affectionate note for Jackie to find later	connection-attention:1.00	reward|Rewards Bonus|66	Delayed surprise.
action-hidden-timer-with-known-maximum	Hidden timer with known maximum	uncertainty — bounded anticipation	playful-psychological:1.00	punishment|Creative Pain 100|83	Safety/structure: Maximum explicit beforehand.
action-hold-a-book-overhead	Hold a book overhead	Awkward endurance	sensory-intensity:1.00	punishment|Creative Punishments|5	Stop for numbness, sharp pain, or joint strain.
action-hold-a-food-safe-gelatin-cube-until-released	Hold a food-safe gelatin cube until released	Cold-ish wobble + wetness	sensory-intensity:1.00	punishment|Nontraditional 100|49	Safety/structure: Room-temp if cold is pleasant rather than punitive.
action-hold-a-light-object-in-outstretched-hands	Hold a light object in outstretched hands	arm burn — precision + endurance	accountability-structure:0.75;sensory-intensity:0.50	punishment|Creative Pain 100|58	Safety/structure: Lightweight only.
action-hold-a-soft-makeup-sponge-coated-in-plain-water	Hold a soft makeup sponge coated in plain water	Wet porous texture	sensory-intensity:1.00	punishment|Nontraditional 100|58	Safety/structure: No chemicals.
action-hold-damp-sponge-and-repeatedly-squeeze-it	Hold damp sponge and repeatedly squeeze it	wet compression	sensory-intensity:1.00	punishment|Sensory-Control 100|42	Safety/structure: Clean sponge.
action-hold-eye-contact-during-correction	Hold eye contact during correction	psychological intensity — attention + vulnerability	protocol-obedience:1.00	punishment|Creative Pain 100|68	Safety/structure: Easy opt-out.
action-hold-eye-contact-while-being-corrected	Hold eye contact while being corrected	Psychological intensity	protocol-obedience:1.00	punishment|Creative Punishments|17	Easy to stop if it becomes emotionally overwhelming.
action-hold-peeled-grapes-and-gently-squash-them-by-hand	Hold peeled grapes and gently squash them by hand	Wet squish + residue	sensory-intensity:1.00	punishment|Nontraditional 100|43	Safety/structure: Food-safe, short duration.
action-hold-position-while-answering-questions	Hold position while answering questions	Divided attention	accountability-structure:0.50;playful-psychological:0.75	punishment|Creative Punishments|43	Questions should clarify, not interrogate.
action-horse-related-outing-content-splurge	Horse-related outing/content splurge	special-interest indulgence	choice-privilege:1.00	reward|Rewards 100|62	Could be tack shop browse, event, digital purchase, etc.
action-i-know-you-challenge	I-know-you challenge	Taylor predicts which reward will make Jackie happiest	choice-privilege:0.75;playful-psychological:1.00	reward|Rewards Bonus|60	He gets bragging rights if correct.
action-i-pick-where-i-sit-token	I-pick-where-I-sit token	Jackie chooses the cuddle/lap configuration	care-pampering:0.75;connection-attention:0.75	reward|Rewards Bonus|14	Very tailored.
action-i-planned-this-for-you-envelope	I-planned-this-for-you envelope	Taylor prepares a surprise plan from approved options	choice-privilege:0.75;playful-psychological:0.75	reward|Rewards Bonus|6	Can be bath, game, outing, massage, etc.
action-impact-after-a-waiting-period	Impact after a waiting period	anticipation — delay increases psychological weight	impact:1.00	punishment|Creative Pain 100|20	Safety/structure: Use a known maximum wait.
action-impact-followed-by-counted-breaths	Impact followed by counted breaths	after-sting — composure + ritual	impact:1.00	punishment|Creative Pain 100|18	Safety/structure: No breath restriction; just normal breathing.
action-impact-followed-by-immediate-return-to-posture	Impact followed by immediate return to posture	Composure requirement	accountability-structure:0.50;playful-psychological:0.75	punishment|Creative Punishments|42	Use only with already-negotiated impact play.
action-impact-only-after-correct-response	Impact only after correct response	sting — attention + accountability	impact:1.00	punishment|Creative Pain 100|19	Safety/structure: Questions should be simple, not interrogative.
action-impact-then-immediate-posture-reset	Impact then immediate posture reset	sting + composure challenge — obedience after pain	impact:1.00	punishment|Creative Pain 100|15	Safety/structure: Use moderate intensity.
action-impact-with-eye-contact	Impact with eye contact	sting — vulnerability + attention	impact:1.00	punishment|Creative Pain 100|16	Safety/structure: Easy opt-out if emotionally intense.
action-intentional-cuddle-hour	Intentional cuddle hour	focused physical connection	connection-attention:1.00	reward|Rewards 100|27	No chores/projects during the hour.
action-jackie-chooses-her-own-punishment-from-three	Jackie chooses her own punishment from three	Self-selection intensifies accountability	playful-psychological:1.00	punishment|Creative Punishments|31	Can create interesting psychological weight.
action-jackie-chooses-one-of-three-approved-options	Jackie chooses one of three approved options	self-selection — accountability + commitment	playful-psychological:1.00	punishment|Creative Pain 100|87	Safety/structure: No coercive 'bad choice' framing.
action-jackie-chooses-the-whole-night	Jackie chooses the whole night	agency as reward	choice-privilege:0.75;playful-psychological:0.50	reward|Rewards 100|94	Food/activity/movie within practical limits.
action-jackie-teaches-taylor-something-she-loves	Jackie teaches Taylor something she loves	competence + focused interest	choice-privilege:0.75;playful-psychological:0.50	reward|Rewards 100|100	Taylor actively participates.
action-jackpot-surprise-for-consistency	Jackpot surprise for consistency	unexpected recognition	praise-recognition:1.00;protocol-obedience:0.50	reward|Rewards 100|72	Not tied to exact exchange rate.
action-kneel-then-stand-only-on-permission	Kneel then stand only on permission	pressure + anticipation — loss of choice	accountability-structure:0.75;sensory-intensity:0.50	punishment|Creative Pain 100|57	Safety/structure: Known max duration.
action-kneel-count-then-reflection	Kneel, count, then reflection	Ritual + discomfort + accountability	accountability-structure:0.50;playful-psychological:0.75	punishment|Creative Punishments|41	Useful as a contained start-to-finish ritual.
action-kneeling-hand-spanking	Kneeling + hand spanking	pressure + impact — strong ritual / discipline energy	accountability-structure:0.50;playful-psychological:0.75	punishment|Pain Batch 2|16	
action-kneeling-in-a-designated-posture	Kneeling in a designated posture	Ritual + stillness	sensory-intensity:1.00	punishment|Creative Punishments|3	Use a safe surface; avoid joint injury.
action-kneeling-posture-on-safe-surface	Kneeling posture on safe surface	pressure + stillness — ritual + submission	accountability-structure:0.75;sensory-intensity:0.50	punishment|Creative Pain 100|55	Safety/structure: Protect knees; no sharp surfaces.
action-kneeling-with-hands-placed-as-instructed	Kneeling with hands placed as instructed	pressure + posture — obedience + ritual	accountability-structure:0.75;sensory-intensity:0.50	punishment|Creative Pain 100|56	Safety/structure: Avoid painful shoulder positions.
action-lap-cuddle-while-jackie-uses-laptop	Lap cuddle while Jackie uses laptop	physical attachment + freedom to tinker	connection-attention:1.00	reward|Rewards 100|28	Best of both Jackie modes.
action-late-night-little-drive	Late-night little drive	Short music-filled drive together	choice-privilege:1.00;playful-psychological:0.50	reward|Rewards Bonus|27	Simple mini-adventure.
action-leather-strap-over-clothing	Leather strap over clothing	broad sting — sound + anticipation	impact:1.00	punishment|Creative Pain 100|3	Safety/structure: Use known safe impact zones.
action-leave-an-obvious-harmless-efficiency-improvement-unused	Leave an obvious harmless efficiency improvement unused	Visible missed optimization	accountability-structure:0.75;playful-psychological:0.50	punishment|Nontraditional 100|95	Safety/structure: Known endpoint.
action-let-water-run-down-face-while-standing-still	Let water run down face while standing still	face/eye sensory discomfort + stillness	sensory-intensity:1.00	punishment|Sensory-Control 100|8	Safety/structure: No breath restriction; stop immediately if panicky.
action-lets-wander-reward	Let's-wander reward	Bookstore/Target/mall/etc. with no objective	choice-privilege:1.00;playful-psychological:0.50	reward|Rewards Bonus|28	No purchase required.
action-listen-to-a-corrective-recording-while-still-restraint-negotiated	Listen to a corrective recording while still/restraint-negotiated	Immersive + focused	playful-psychological:1.00	punishment|Creative Punishments|22	Pre-agree content; avoid shame/identity attacks.
action-listen-to-a-pre-agreed-corrective-recording-while-still	Listen to a pre-agreed corrective recording while still	immersive focus — voice + containment	playful-psychological:1.00	punishment|Creative Pain 100|93	Safety/structure: No identity attacks; immediate stop option.
action-lose-choice-of-movie-food-activity-for-the-evening	Lose choice of movie/food/activity for the evening	Behavioral consequence	accountability-structure:0.50;playful-psychological:0.75	punishment|Creative Punishments|46	Keep ordinary affection outside the reward economy.
action-lotion-massage	Lotion massage	care + sustained attention	care-pampering:1.00	reward|Rewards 100|7	Use tolerated products.
action-lotion-on-palms-with-delayed-permission-to-wipe	Lotion on palms with delayed permission to wipe	persistent residue	sensory-intensity:1.00	punishment|Sensory-Control 100|44	Safety/structure: Use tolerated lotion.
action-make-a-3-course-snack-plan	Make a 3-course snack plan	Pick appetizer/main/dessert snack equivalents — many tiny decisions	accountability-structure:0.75;playful-psychological:0.50	punishment|Cognitive 100|6	Safety/structure: Keep playful, not nutritionally restrictive.
action-make-a-simple-paper-fold-while-following-one-step-at-a-time-commands	Make a simple paper fold while following one-step-at-a-time commands	Precision + external pacing — controlled sequencing	accountability-structure:0.75;protocol-obedience:0.75	punishment|Cognitive 100|61	Safety/structure: No cutting tools needed.
action-make-a-symmetrical-pattern-then-deliberately-remove-one-piece	Make a symmetrical pattern then deliberately remove one piece	Broken symmetry	playful-psychological:0.75;sensory-intensity:0.50	punishment|Nontraditional 100|38	Safety/structure: Use non-fragile pieces.
action-make-bed-except-one-wrinkled-corner	Make bed except one wrinkled corner	visible imperfection	playful-psychological:0.75;sensory-intensity:0.50	punishment|Sensory-Control 100|86	Safety/structure: Not during sleep time.
action-make-one-recommendation-with-no-alternatives	Make one recommendation with no alternatives	Forbidden from giving a menu — forced decisiveness	accountability-structure:0.75;playful-psychological:0.50	punishment|Cognitive 100|21	Safety/structure: Use low-stakes prompts only.
action-make-the-bed-except-for-one-intentionally-wrinkled-corner	Make the bed except for one intentionally wrinkled corner	Unresolved visual imperfection	playful-psychological:0.75;sensory-intensity:0.50	punishment|Nontraditional 100|24	Safety/structure: Not during actual bedtime.
action-make-jackie-laugh-challenge	Make-Jackie-laugh challenge	Taylor's job is simply to entertain her	connection-attention:0.50;playful-psychological:1.00	reward|Rewards Bonus|76	Silly, relational reward.
action-make-something-together-reward	Make-something-together reward	Craft, recipe, LEGO, home project, etc.	connection-attention:0.75;playful-psychological:0.75	reward|Rewards Bonus|37	Shared creation.
action-mash-ripe-banana-with-fingers	Mash ripe banana with fingers	Sticky + mushy	sensory-intensity:1.00	punishment|Nontraditional 100|46;punishment|Sensory-Control 100|39	Safety/structure: Food-safe and brief. | Safety/structure: Wash afterward.
action-massage-while-watching-jackies-chosen-show	Massage while watching Jackie's chosen show	care + choice + connection	care-pampering:1.00	reward|Rewards 100|16	No multitasking expectation for Jackie.
action-match-pairs-of-objects-and-leave-one-intentionally-unmatched	Match pairs of objects and leave one intentionally unmatched	Pairing asymmetry	playful-psychological:0.75;sensory-intensity:0.50	punishment|Nontraditional 100|33	Safety/structure: Small set.
action-mini-debate	Mini debate	Taylor deliberately takes the opposite side on a silly topic	connection-attention:0.75;playful-psychological:0.75	reward|Rewards Bonus|43	Keep non-sensitive.
action-mini-living-room-date	Mini living-room date	novelty without leaving home	connection-attention:1.00	reward|Rewards 100|35	Taylor plans setup.
action-mini-peer-review	Mini peer review	Taylor gives a short argument; identify 2 strengths and 2 weaknesses — balanced critique	accountability-structure:1.00	punishment|Cognitive 100|40	Safety/structure: Use non-personal content.
action-mood-matched-music	Mood-matched music	Taylor makes/picks music for Jackie's current vibe	connection-attention:0.50;sensory-intensity:0.75	reward|Rewards Bonus|75	Thoughtful personalization.
action-morning-appreciation-message	Morning appreciation message	A specific thing Taylor appreciates sent in the morning	connection-attention:1.00	reward|Rewards Bonus|67	Tiny, emotionally meaningful.
action-move-items-one-at-a-time-instead-of-batching	Move items one at a time instead of batching	blocked optimization	accountability-structure:0.75;restraint-control:0.50	punishment|Sensory-Control 100|68	Safety/structure: Light objects only.
action-move-one-object-at-a-time-when-several-could-be-carried	Move one object at a time when several could be carried	Inefficiency + pacing	accountability-structure:0.50;restraint-control:0.75	punishment|Nontraditional 100|64	Safety/structure: Use light objects.
action-movie-night-with-snacks-prepared	Movie night with snacks prepared	connection + care	connection-attention:1.00	reward|Rewards 100|26	Taylor handles setup.
action-must-ask-for-the-next-step-instead-of-receiving-the-whole-sequence	Must ask for the next step instead of receiving the whole sequence	Information gating	accountability-structure:0.75;playful-psychological:0.50	punishment|Nontraditional 100|92	Safety/structure: Set max duration.
action-mystery-approved-implement	Mystery approved implement	varied — uncertainty without surprise limits	impact:1.00	punishment|Creative Pain 100|21	Safety/structure: Draw only from pre-consented options.
action-mystery-consequence-from-a-pre-approved-sensory-protocol-list	Mystery consequence from a pre-approved sensory/protocol list	uncertainty + surrendered choice	accountability-structure:0.50;protocol-obedience:1.00	punishment|Sensory-Control 100|101	Safety/structure: Only already-consented options; no food/drink deprivation or domestic-service punishments.
action-mystery-drink-delivery	Mystery drink delivery	Taylor brings a drink he picked because he knows Jackie will like it	care-pampering:0.75;choice-privilege:0.50	reward|Rewards Bonus|2	High intentionality; low effort.
action-mystery-implement-from-approved-set	Mystery implement from approved set	uncertainty — ominous/fun without changing negotiated limits	playful-psychological:1.00	punishment|Pain Batch 2|27	
action-mystery-multiplier	Mystery multiplier	A normal success is randomly worth extra	playful-psychological:0.50;praise-recognition:1.00	reward|Rewards Bonus|49	Avoid making core habits feel worthless without multiplier.
action-mystery-punishment-from-a-pre-approved-pool	Mystery punishment from a pre-approved pool	Uncertainty	playful-psychological:1.00	punishment|Creative Punishments|29	Only draw from already-approved options.
action-mystery-punishment-from-approved-list	Mystery punishment from approved list	uncertainty — surrendered choice	playful-psychological:1.00	punishment|Creative Pain 100|85	Safety/structure: Only pre-consented options.
action-mystery-reward-envelope	Mystery reward envelope	anticipation + no need to choose	care-pampering:0.50;restraint-control:0.75	reward|Rewards 100|47	Pre-approved pool only.
action-mystery-takeout-from-favorites	Mystery takeout from favorites	Taylor chooses from already-liked places/items	choice-privilege:1.00;playful-psychological:0.50	reward|Rewards Bonus|25	No food surprises outside preferences.
action-mystery-tiny-date-card	Mystery tiny-date card	surprise experience	choice-privilege:1.00	reward|Rewards 100|66	Draw from pre-approved options.
action-neatly-label-ten-items-while-taylor-asks-harmless-rapid-fire-questions	Neatly label ten items while Taylor asks harmless rapid-fire questions	Distraction + precision — divided attention	accountability-structure:0.75;protocol-obedience:0.75	punishment|Cognitive 100|58	Safety/structure: Can pause if overloaded.
action-new-game-dlc-budget-token	New game / DLC budget token	hobby indulgence	choice-privilege:1.00	reward|Rewards 100|63	Pre-agreed budget.
action-new-shared-ritual	New shared ritual	Create a little recurring ritual after a bigger milestone	connection-attention:1.00	reward|Rewards Bonus|65	Should stay enjoyable, not obligation.
action-new-game-night	New-game night	Try a cheap/free co-op game together	choice-privilege:1.00;playful-psychological:0.50	reward|Rewards Bonus|32	Novelty + connection.
action-no-batching-allowed	No batching allowed	Move or process one item at a time — efficiency frustration	accountability-structure:0.75;playful-psychological:0.50	punishment|Cognitive 100|63	Safety/structure: Light objects, short task.
action-no-caveats-on-first-answer	No caveats on first answer	must commit before qualifying	protocol-obedience:0.50;restraint-control:1.00	punishment|Sensory-Control 100|59	Safety/structure: Low-stakes question only.
action-no-correcting-taylors-harmless-phrasing-until-invited	No correcting Taylor's harmless phrasing until invited	suppressed correction impulse	protocol-obedience:0.50;restraint-control:1.00	punishment|Sensory-Control 100|62	Safety/structure: Never use for meaningful misunderstandings.
action-no-explaining-for-60-seconds-after-being-asked-a-harmless-question	No explaining for 60 seconds after being asked a harmless question	blocks immediate external processing	protocol-obedience:0.50;restraint-control:1.00	punishment|Sensory-Control 100|52	Safety/structure: Never use during genuine conflict/distress.
action-no-flavored-drinks-sweets-for-a-short-window	No flavored drinks / sweets for a short window	Simple aversive consequence	accountability-structure:0.50;playful-psychological:0.75	punishment|Creative Punishments|48	Avoid if it conflicts with nutritional needs.
action-no-parallel-processing	No parallel processing	Must finish one tiny task fully before touching the next — blocked concurrency	accountability-structure:0.75;playful-psychological:0.50	punishment|Cognitive 100|68	Safety/structure: Short set.
action-no-reordering-the-list	No reordering the list	Complete items exactly top-to-bottom — sequencing denial	accountability-structure:0.75;playful-psychological:0.50	punishment|Cognitive 100|76	Safety/structure: All items equivalent/safe.
action-no-reorganizing-the-instructions-into-a-better-system	No reorganizing the instructions into a better system	Meta-optimization denial	accountability-structure:0.75;playful-psychological:0.50	punishment|Nontraditional 100|91	Safety/structure: Short-lived.
action-no-revision-after-submission	No revision after submission	Once delivered, cannot immediately improve it — finality discomfort	accountability-structure:0.75;playful-psychological:0.50	punishment|Cognitive 100|70	Safety/structure: Can discuss learnings later.
action-no-revision-after-submission-for-10-minutes	No revision after submission for 10 minutes	finality discomfort	accountability-structure:0.75;restraint-control:0.50	punishment|Sensory-Control 100|73	Safety/structure: Can revise later.
action-no-shortcuts	No shortcuts	Follow every written step exactly — process submission	accountability-structure:0.75;playful-psychological:0.50	punishment|Cognitive 100|66	Safety/structure: No pointless physical exertion.
action-no-shortcuts-allowed	No shortcuts allowed	procedural submission	accountability-structure:0.75;restraint-control:0.50	punishment|Sensory-Control 100|77	Safety/structure: No needless physical strain.
action-no-shortcuts-allowed-for-a-tiny-task	No shortcuts allowed for a tiny task	Blocked optimization	accountability-structure:0.75;playful-psychological:0.50	punishment|Nontraditional 100|83	Safety/structure: Task should take only a few minutes.
action-no-complaining-board-game-pick	No-complaining board-game pick	Jackie picks the game and Taylor commits	choice-privilege:1.00;playful-psychological:0.50	reward|Rewards Bonus|34	Playful framing.
action-no-decisions-token	No-decisions token	Taylor handles harmless choices for a set window	care-pampering:0.50;restraint-control:0.75	reward|Rewards 100|39	Jackie can override genuine needs.
action-no-getting-up-privilege	No-getting-up privilege	Once settled, Taylor fetches small forgotten things	care-pampering:0.75;connection-attention:0.75	reward|Rewards Bonus|17	Reasonable items only.
action-old-photos-night	Old-photos night	Look through photos together	connection-attention:1.00	reward|Rewards Bonus|62	Memory-sharing.
action-one-ankle-covered-one-exposed	One ankle covered, one exposed	Temperature/tactile mismatch	playful-psychological:0.50;sensory-intensity:0.75	punishment|Nontraditional 100|6	Safety/structure: Keep room temperature comfortable.
action-one-cuff-buttoned-one-unbuttoned	One cuff buttoned, one unbuttoned	Clothing mismatch	playful-psychological:0.50;sensory-intensity:0.75	punishment|Nontraditional 100|9	Safety/structure: Avoid anything tight.
action-one-forearm-under-cool-running-water-while-other-stays-dry	One forearm under cool running water while other stays dry	cold + asymmetry	sensory-intensity:1.00	punishment|Sensory-Control 100|14	Safety/structure: Short and comfortable enough to remain safe.
action-one-hand-clean-one-intentionally-slightly-sticky	One hand clean, one intentionally slightly sticky	One-sided residue mismatch	playful-psychological:0.50;sensory-intensity:0.75	punishment|Nontraditional 100|15	Safety/structure: Use food-safe, non-irritating substance.
action-one-hand-gloved-one-bare	One hand gloved, one bare	Different texture/temperature on each hand	playful-psychological:0.50;sensory-intensity:0.75	punishment|Nontraditional 100|7;punishment|Sensory-Control 100|27	Safety/structure: Use breathable glove; short duration. | Safety/structure: Loose breathable glove.
action-one-minute-of-intentional-silence-while-seated-together	One minute of intentional silence while seated together	denied talking outlet	protocol-obedience:0.50;restraint-control:1.00	punishment|Sensory-Control 100|65	Safety/structure: Not during emotional rupture.
action-one-pant-leg-cuffed-one-uncuffed	One pant leg cuffed, one uncuffed	Visual + tactile imbalance	playful-psychological:0.50;sensory-intensity:0.75	punishment|Nontraditional 100|4;punishment|Sensory-Control 100|25	Safety/structure: Keep walking-safe. | Safety/structure: No walking hazard.
action-one-recommendation-one-risk	One recommendation + one risk	Forbidden from sprawling alternatives — decisiveness + compression	accountability-structure:1.00	punishment|Cognitive 100|90	Safety/structure: Low-stakes topic.
action-one-shoe-on-one-shoe-off-while-seated	One shoe on, one shoe off while seated	Uneven foot sensation	playful-psychological:0.50;sensory-intensity:0.75	punishment|Nontraditional 100|5;punishment|Sensory-Control 100|28	Safety/structure: Seated only; no walking. | Safety/structure: Seated only.
action-one-side-gets-lotion-other-stays-dry	One side gets lotion, other stays dry	residue asymmetry	playful-psychological:0.50;sensory-intensity:0.75	punishment|Sensory-Control 100|32	Safety/structure: Skin-safe lotion.
action-one-side-gets-lotion-the-other-stays-dry	One side gets lotion, the other stays dry	Texture contrast	playful-psychological:0.50;sensory-intensity:0.75	punishment|Nontraditional 100|14	Safety/structure: Use skin-safe lotion.
action-one-side-of-a-hoodie-zipped-arranged-right-the-other-slightly-off	One side of a hoodie zipped/arranged 'right,' the other slightly off	Persistent asymmetry cue	playful-psychological:0.50;sensory-intensity:0.75	punishment|Nontraditional 100|19	Safety/structure: No choking/neck pressure.
action-one-side-of-a-pillow-blanket-arranged-perfectly-the-other-intentionally-rumpled	One side of a pillow/blanket arranged perfectly, the other intentionally rumpled	Visual + tactile mismatch	playful-psychological:0.50;sensory-intensity:0.75	punishment|Nontraditional 100|16	Safety/structure: Keep sleep itself out of punishment.
action-one-side-of-blanket-tucked-other-loose	One side of blanket tucked, other loose	uneven pressure	playful-psychological:0.50;sensory-intensity:0.75	punishment|Sensory-Control 100|29	Safety/structure: No breathing restriction.
action-one-side-of-body-gets-a-brief-cool-rinse-other-remains-warm	One side of body gets a brief cool rinse, other remains warm	temperature asymmetry	playful-psychological:0.50;sensory-intensity:0.75	punishment|Sensory-Control 100|36	Safety/structure: Non-slip, short duration.
action-one-side-of-clothing-aligned-neatly-other-deliberately-crooked	One side of clothing aligned neatly, other deliberately crooked	persistent wrongness	playful-psychological:0.50;sensory-intensity:0.75	punishment|Sensory-Control 100|35	Safety/structure: No restrictive folds.
action-one-side-of-hair-brushed-neatly-the-other-left-messy	One side of hair brushed neatly, the other left messy	Visual/tactile incompleteness	playful-psychological:0.50;sensory-intensity:0.75	punishment|Nontraditional 100|13	Safety/structure: No painful tangles.
action-one-side-of-hair-brushed-other-left-messy	One side of hair brushed, other left messy	visual/tactile incompleteness	playful-psychological:0.50;sensory-intensity:0.75	punishment|Sensory-Control 100|30	Safety/structure: No tangling.
action-one-sleeve-cuffed-neatly-the-other-crooked	One sleeve cuffed neatly, the other crooked	Visual/tactile mismatch	playful-psychological:0.50;sensory-intensity:0.75	punishment|Nontraditional 100|18	Safety/structure: Keep comfortable.
action-one-sleeve-rolled-up-one-sleeve-down	One sleeve rolled up, one sleeve down	Uneven skin/clothing sensation	playful-psychological:0.50;sensory-intensity:0.75	punishment|Nontraditional 100|3	Safety/structure: No circulation restriction.
action-one-sleeve-up-one-sleeve-down	One sleeve up, one sleeve down	skin/clothing asymmetry	playful-psychological:0.50;sensory-intensity:0.75	punishment|Sensory-Control 100|24	Safety/structure: Comfortable fit.
action-one-slightly-damp-sock	One slightly damp sock	wet fabric + asymmetry	sensory-intensity:1.00	punishment|Sensory-Control 100|45	Safety/structure: Clean water, short duration.
action-one-sock-on-one-sock-off	One sock on, one sock off	Persistent body asymmetry	playful-psychological:0.50;sensory-intensity:0.75	punishment|Nontraditional 100|2;punishment|Sensory-Control 100|22	Safety/structure: Short, bounded duration; remove immediately if distress stops being playful. | Safety/structure: Short bounded duration.
action-one-sock-pulled-perfectly-smooth-the-other-slightly-bunched	One sock pulled perfectly smooth, the other slightly bunched	Localized fabric wrongness	playful-psychological:0.50;sensory-intensity:0.75	punishment|Nontraditional 100|17	Safety/structure: No constriction; short duration.
action-one-sock-smooth-the-other-slightly-bunched	One sock smooth, the other slightly bunched	fabric mismatch + urge to fix	playful-psychological:0.50;sensory-intensity:0.75	punishment|Sensory-Control 100|23	Safety/structure: No constriction.
action-one-task-disappears	One task disappears	Taylor fully takes one minor task off Jackie's plate	care-pampering:0.50;service:1.00	reward|Rewards Bonus|21	Non-essential, one-off.
action-one-tool-only	One tool only	Complete a trivial task with one pre-approved tool — artificial constraint	accountability-structure:0.75;playful-psychological:0.50	punishment|Cognitive 100|65	Safety/structure: Tool must be safe and suitable.
action-one-wrist-wearing-a-soft-band-other-bare	One wrist wearing a soft band, other bare	one-sided awareness	playful-psychological:0.50;sensory-intensity:0.75	punishment|Sensory-Control 100|31	Safety/structure: Loose fit.
action-one-wrist-wearing-a-soft-band-the-other-bare	One wrist wearing a soft band, the other bare	One-sided awareness	playful-psychological:0.50;sensory-intensity:0.75	punishment|Nontraditional 100|12	Safety/structure: Loose enough for normal circulation.
action-one-hour-daddy-decides-the-harmless-stuff-window	One-hour 'Daddy decides the harmless stuff' window	D/s recognition + mental rest	care-pampering:0.50;restraint-control:0.75	reward|Rewards 100|51	Never includes essentials, finances, work, or health decisions.
action-one-sentence-maximum-response	One-sentence maximum response	forced concision	protocol-obedience:0.50;restraint-control:1.00	punishment|Sensory-Control 100|58	Safety/structure: Harmless topic.
action-one-slide-presentation	One-slide presentation	Explain a topic using one slide / one screen only — compression + format discipline	accountability-structure:1.00	punishment|Cognitive 100|26	Safety/structure: No need for polished visuals.
action-only-one-side-receives-agreed-impact	Only one side receives agreed impact	Physical imbalance / incompleteness	playful-psychological:0.50;sensory-intensity:0.75	punishment|Nontraditional 100|20;punishment|Sensory-Control 100|33	Safety/structure: Use conservative impact; asymmetry should do the work, not excess force. | Safety/structure: Conservative impact; asymmetry is the point.
action-only-one-thigh-gets-agreed-pinching-scratching	Only one thigh gets agreed pinching/scratching	one-sided after-sensation	playful-psychological:0.50;sensory-intensity:0.75	punishment|Sensory-Control 100|34	Safety/structure: No skin damage.
action-only-one-thigh-receives-agreed-pinching-scratching	Only one thigh receives agreed pinching/scratching	One-sided after-sensation	playful-psychological:0.50;sensory-intensity:0.75	punishment|Nontraditional 100|21	Safety/structure: Stay within negotiated low-risk areas; no skin damage.
action-open-a-snack-package-very-slowly-under-instruction	Open a snack/package very slowly under instruction	Delayed gratification + pacing	accountability-structure:0.50;restraint-control:0.75	punishment|Nontraditional 100|73	Safety/structure: Not when actually hungry/needs food.
action-organize-pens-by-color-but-leave-one-in-the-wrong-group	Organize pens by color but leave one in the wrong group	Classification disruption	playful-psychological:0.75;sensory-intensity:0.50	punishment|Nontraditional 100|39	Safety/structure: Tiny setup.
action-organize-pens-by-color-with-one-misplaced	Organize pens by color with one misplaced	classification disruption	playful-psychological:0.75;sensory-intensity:0.50	punishment|Sensory-Control 100|88	Safety/structure: Tiny setup.
action-pain-followed-by-stillness	Pain followed by stillness	after-sensation + obedience — no immediately squirming it off	accountability-structure:0.50;playful-psychological:0.75	punishment|Pain Batch 2|31	
action-pause-before-marking-a-task-complete	Pause before marking a task complete	delayed closure	accountability-structure:0.75;restraint-control:0.50	punishment|Sensory-Control 100|79	Safety/structure: Known short timer.
action-perfectly-even-massage-on-both-sides	Perfectly even massage on both sides	symmetry + sensory completion	sensory-intensity:1.00	reward|Rewards 100|82	Mirror of asymmetry punishments.
action-perfectly-organized-snack-drink-station	Perfectly organized snack/drink station	order + indulgence	sensory-intensity:1.00	reward|Rewards 100|88	Reward is setup and care.
action-perform-a-familiar-routine-in-deliberately-separated-micro-steps	Perform a familiar routine in deliberately separated micro-steps	Breaks automatic flow	accountability-structure:0.50;restraint-control:0.75	punishment|Nontraditional 100|79	Safety/structure: Don't disrupt medical/hygiene needs.
action-permission-required-to-shift-position	Permission required to shift position	loss of control — micro-obedience	protocol-obedience:1.00	punishment|Creative Pain 100|63;punishment|Creative Punishments|13	Safety/structure: Time-bounded. | Time-bounded.
action-permission-required-to-speak	Permission required to speak	verbal restraint — focus + control	protocol-obedience:1.00	punishment|Creative Pain 100|64;punishment|Creative Punishments|14	Safety/structure: Safety communication always unrestricted. | Safewords / necessary communication always exempt.
action-permission-to-be-annoying-window	Permission-to-be-annoying window	Jackie gets a short playful pestering window	playful-psychological:1.00	reward|Rewards Bonus|77	Agree boundaries in advance.
action-phone-free-game-together	Phone-free game together	undivided shared attention	connection-attention:1.00	reward|Rewards 100|22	Choose a game both enjoy.
action-pick-a-single-color-theme-for-a-tiny-project	Pick a single color/theme for a tiny project	No palette hedging — commitment	accountability-structure:0.75;playful-psychological:0.50	punishment|Cognitive 100|19	Safety/structure: Harmless creative task.
action-pick-dinner-completely-solo	Pick dinner completely solo	Must choose restaurant/place, exact order, sides/drinks, and timing with no input — decision ownership + no delegation	accountability-structure:0.75;playful-psychological:0.50	punishment|Cognitive 100|2	Safety/structure: Use only low-stakes choices; no allergy/medical constraints.
action-pick-dinner-completely-with-no-input	Pick dinner completely with no input	decision ownership	accountability-structure:0.50;protocol-obedience:1.00	punishment|Sensory-Control 100|92	Safety/structure: Food itself is never withheld/punished; this is only choice burden.
action-pick-one-of-three-imperfect-solutions	Pick one of three imperfect solutions	No option is ideal — tolerating tradeoffs	accountability-structure:0.75;playful-psychological:0.50	punishment|Cognitive 100|15	Safety/structure: Use fictional or harmless scenarios.
action-pick-one-tiny-item-under-a-set-budget	Pick one tiny item under a set budget	choice + treat	choice-privilege:1.00	reward|Rewards 100|60	Could be cosmetic, hobby, etc.
action-pick-soft-fruit-pieces-out-of-a-bowl-of-water	Pick soft fruit pieces out of a bowl of water	Wet + soft + fine-motor focus	sensory-intensity:1.00	punishment|Nontraditional 100|48	Safety/structure: Use edible/clean materials.
action-pick-the-movie	Pick the movie	agency + shared time	connection-attention:1.00	reward|Rewards 100|25	Already confirmed reward.
action-pick-the-restaurant-and-order-for-both-from-pre-approved-choices	Pick the restaurant and order for both from pre-approved choices	No outsourcing the final call — decision finality	accountability-structure:0.75;playful-psychological:0.50	punishment|Cognitive 100|10	Safety/structure: Taylor can veto for real preferences/allergies.
action-pick-a-number-reward	Pick-a-number reward	Jackie chooses a number mapped to a hidden reward	choice-privilege:0.75;playful-psychological:0.75	reward|Rewards Bonus|4	Use only pre-approved rewards.
action-pinch-while-maintaining-eye-contact	Pinch while maintaining eye contact	sharp pressure — vulnerability + composure	sensory-intensity:1.00	punishment|Creative Pain 100|40	Safety/structure: Bounded duration.
action-pinch-and-release-rhythm	Pinch-and-release rhythm	sharp bursts — counting + anticipation	sensory-intensity:1.00	punishment|Creative Pain 100|27	Safety/structure: Easy to modulate.
action-pinwheel-on-agreed-skin-areas	Pinwheel on agreed skin areas	prickly sharp sensation — anticipation + focus	sensory-intensity:1.00	punishment|Creative Pain 100|31	Safety/structure: Avoid broken skin and delicate areas.
action-pinwheel-over-agreed-sensitive-areas	Pinwheel over agreed sensitive areas	prickly sharp sensation — more sharp than deep	sensory-intensity:1.00	punishment|Pain Batch 2|20	
action-place-a-tiny-harmless-crumb-under-one-thigh-while-seated	Place a tiny harmless crumb under one thigh while seated	Irregular tactile signal	sensory-intensity:1.00	punishment|Nontraditional 100|53	Safety/structure: Soft food crumb only; no sharp debris.
action-plan-the-whole-date	Plan the whole date	Choose destination, timing, food, activity, route, and backup plan — full decision burden	accountability-structure:0.75;playful-psychological:0.50	punishment|Cognitive 100|3	Safety/structure: Budget and hard limits agreed beforehand.
action-plan-the-whole-low-stakes-date	Plan the whole low-stakes date	full planning responsibility	accountability-structure:0.50;protocol-obedience:1.00	punishment|Sensory-Control 100|93	Safety/structure: Budget/limits pre-agreed.
action-praise-during-massage	Praise during massage	attention + care + recognition	praise-recognition:1.00;protocol-obedience:0.50	reward|Rewards 100|77	Keep natural, not scripted unless desired.
action-praise-while-brushing-hair	Praise while brushing hair	care + verbal reinforcement	praise-recognition:1.00;protocol-obedience:0.50	reward|Rewards 100|76	Two reward channels together.
action-present-from-a-single-index-card	Present from a single index card	Limited external memory — compression + retrieval	accountability-structure:1.00	punishment|Cognitive 100|93	Safety/structure: Short topic.
action-present-without-reading-verbatim	Present without reading verbatim	Must synthesize rather than recite — performance + mastery	accountability-structure:1.00	punishment|Cognitive 100|92	Safety/structure: Notes allowed as prompts.
action-presentation-first-questions-afterward	Presentation first, questions afterward	must hold thoughts until designated phase	protocol-obedience:0.50;restraint-control:1.00	punishment|Sensory-Control 100|66	Safety/structure: Clear time boundaries.
action-presentation-then-one-minute-self-critique	Presentation then one-minute self-critique	Identify one strength and one improvement — metacognition	accountability-structure:1.00	punishment|Cognitive 100|85	Safety/structure: No self-insults.
action-presentation-with-one-interruption-question	Presentation with one interruption question	Must recover and continue — composure	accountability-structure:1.00	punishment|Cognitive 100|84	Safety/structure: Question stays relevant.
action-presentation-with-visible-timer	Presentation with visible timer	Must finish before time expires — time pressure	accountability-structure:1.00	punishment|Cognitive 100|83	Safety/structure: Reasonable time budget.
action-press-fingers-into-cooled-oatmeal	Press fingers into cooled oatmeal	sticky/mushy tactile wrongness	sensory-intensity:1.00	punishment|Sensory-Control 100|50	Safety/structure: Fresh/cooled; wash afterward.
action-press-fingertips-into-cooled-oatmeal-in-a-bowl	Press fingertips into cooled oatmeal in a bowl	Sticky/mushy texture	sensory-intensity:1.00	punishment|Nontraditional 100|60	Safety/structure: Fresh/cooled; wash afterward.
action-project-audience	Project audience	Taylor watches a demo and asks real questions	connection-attention:0.75;playful-psychological:0.75	reward|Rewards Bonus|36	Focused attention.
action-put-away-every-item-except-one-left-conspicuously-out	Put away every item except one left conspicuously out	Completion denial	playful-psychological:0.75;sensory-intensity:0.50	punishment|Nontraditional 100|34	Safety/structure: Harmless item, known endpoint.
action-put-away-five-objects-with-a-countdown-before-each	Put away five objects with a countdown before each	Anticipation + inefficiency	accountability-structure:0.50;restraint-control:0.75	punishment|Nontraditional 100|76	Safety/structure: Small number.
action-put-everything-away-except-one-conspicuous-harmless-object	Put everything away except one conspicuous harmless object	unfinished environment	playful-psychological:0.75;sensory-intensity:0.50	punishment|Sensory-Control 100|89	Safety/structure: Known endpoint.
action-puzzle-together	Puzzle together	shared task + proximity	connection-attention:1.00	reward|Rewards 100|36	Cooperative rather than competitive if preferred.
action-puzzle-problem-reward	Puzzle/problem reward	Taylor finds something interesting for Jackie to solve	connection-attention:0.75;playful-psychological:0.75	reward|Rewards Bonus|39	Competence as pleasure.
action-q-and-a-after-brief	Q&A after brief	Present a topic then answer 3 follow-up questions — uncertainty + scrutiny	accountability-structure:1.00	punishment|Cognitive 100|31	Safety/structure: No trick questions.
action-quiet-room-pressure-cuddle	Quiet-room pressure cuddle	Low-stimulation room + pressure/cuddle setup	care-pampering:0.75;sensory-intensity:1.00	reward|Rewards Bonus|74	Comfort-focused.
action-random-compliment-ambush	Random compliment ambush	Taylor gives a specific compliment at an unexpected time	praise-recognition:1.00	reward|Rewards Bonus|10	Specific > generic.
action-random-dessert-mission	Random dessert mission	Go out specifically for dessert	choice-privilege:1.00;playful-psychological:0.50	reward|Rewards Bonus|30	Spontaneous outing.
action-random-documentary-topic-night	Random documentary/topic night	Learn about something together	connection-attention:0.75;playful-psychological:0.75	reward|Rewards Bonus|41	Low-pressure exploration.
action-random-pause-impact-set	Random-pause impact set	sting — unpredictable timing	impact:1.00	punishment|Creative Pain 100|13	Safety/structure: Bounded number and duration.
action-rank-five-fun-activities-from-best-to-worst	Rank five fun activities from best to worst	Forced preference articulation — decision precision	accountability-structure:0.75;playful-psychological:0.50	punishment|Cognitive 100|12	Safety/structure: No ties for the game.
action-read-a-short-paragraph-aloud-with-deliberate-pauses-after-each-sentence	Read a short paragraph aloud with deliberate pauses after each sentence	Pacing + control	accountability-structure:0.50;restraint-control:0.75	punishment|Nontraditional 100|71	Safety/structure: No humiliating content.
action-read-back-what-you-wrote-aloud	Read back what you wrote aloud	Vulnerability + accountability	playful-psychological:1.00	punishment|Creative Punishments|25	Can be emotionally intense; allow opt-out.
action-read-reflection-aloud	Read reflection aloud	vulnerability — accountability	playful-psychological:1.00	punishment|Creative Pain 100|90	Safety/structure: Skip if emotionally overwhelming.
action-read-watch-something-together-then-discuss-it	Read/watch something together then discuss it	joint cognition + intimacy	connection-attention:1.00	reward|Rewards 100|33	No serious-analysis requirement.
action-receive-instructions-one-sentence-at-a-time-instead-of-the-whole-plan	Receive instructions one sentence at a time instead of the whole plan	Information throttling	accountability-structure:0.50;restraint-control:0.75	punishment|Nontraditional 100|81	Safety/structure: Use only for playful tasks.
action-recite-rule-while-holding-posture	Recite rule while holding posture	psychological + muscular burn — turns it into correction, not just exercise	accountability-structure:0.50;playful-psychological:0.75	punishment|Pain Batch 2|25	
action-recite-the-relevant-rule-while-holding-posture	Recite the relevant rule while holding posture	muscle burn + verbal focus — ties sensation to behavior	protocol-obedience:1.00	punishment|Creative Pain 100|72	Safety/structure: Keep wording concise.
action-recreate-an-old-date-reward	Recreate-an-old-date reward	Repeat a favorite memory/date vibe	connection-attention:1.00	reward|Rewards Bonus|61	Nostalgia + connection.
action-redo-only-the-weakest-section	Redo only the weakest section	Cannot rewrite everything — localized correction	accountability-structure:1.00	punishment|Cognitive 100|88	Safety/structure: Five-minute cap.
action-repeat-a-short-acknowledgment-after-each-count	Repeat a short acknowledgment after each count	ritual — behavior-focused correction	protocol-obedience:1.00	punishment|Creative Pain 100|71;punishment|Creative Punishments|19	Safety/structure: Avoid identity-shaming language. | Keep wording behavior-focused, not identity-attacking.
action-repeat-taylors-instruction-back-exactly-before-responding	Repeat Taylor's instruction back exactly before responding	precision + delayed self-expression	protocol-obedience:0.50;restraint-control:1.00	punishment|Sensory-Control 100|63	Safety/structure: Short instructions.
action-repeat-the-exact-provided-method-even-after-spotting-a-better-one	Repeat the exact provided method even after spotting a better one	Submission vs systems instinct	accountability-structure:0.75;playful-psychological:0.50	punishment|Nontraditional 100|96	Safety/structure: Only playful, low-stakes tasks.
action-repeated-light-snaps-to-one-safe-area	Repeated light snaps to one safe area	accumulating sting — builds sensation gradually	sensory-intensity:1.00	punishment|Creative Pain 100|39;punishment|Pain Batch 2|22	Safety/structure: Stop before skin damage.
action-replay-a-favorite-night	Replay-a-favorite night	Revisit a comfort game/movie together	choice-privilege:1.00;playful-psychological:0.50	reward|Rewards Bonus|33	Familiarity as reward.
action-research-roulette	Research roulette	Randomly draw topic + format + time limit — uncertainty + competence	accountability-structure:1.00	punishment|Cognitive 100|37	Safety/structure: All cards pre-approved.
action-respond-only-with-agreed-short-answers	Respond only with agreed short answers	structured control — loss of conversational freedom	protocol-obedience:1.00	punishment|Creative Pain 100|73	Safety/structure: Safewords exempt.
action-respond-only-with-agreed-short-answers-titles	Respond only with agreed short answers/titles	Structured control	protocol-obedience:1.00	punishment|Creative Punishments|20	Safewords remain unrestricted.
action-restart-posture-timer-if-voluntary-fidgeting-occurs	Restart posture timer if voluntary fidgeting occurs	muscle burn — stillness challenge	protocol-obedience:1.00	punishment|Creative Pain 100|75	Safety/structure: Cap restarts so it cannot become endless.
action-restart-if-you-move-posture-hold	Restart-if-you-move posture hold	muscular burn + obedience — strong lizard-brain vs obedience tension	accountability-structure:0.75;protocol-obedience:0.75	punishment|Pain Batch 2|14	
action-return-to-position-after-each-impact	Return to position after each impact	after-sting + movement control — composure	protocol-obedience:1.00	punishment|Creative Pain 100|76	Safety/structure: No forced movement through injury.
action-reverse-reward-draft	Reverse reward draft	Jackie nominates three; Taylor decides which she gets	choice-privilege:0.75;playful-psychological:1.00	reward|Rewards Bonus|54	Surrender + anticipation.
action-reward-draft	Reward draft	Taylor picks three rewards; Jackie chooses one	choice-privilege:0.75;playful-psychological:1.00	reward|Rewards Bonus|53	Choice within structure.
action-ridiculous-couple-playlist	Ridiculous couple playlist	Build a shared playlist together	connection-attention:1.00	reward|Rewards Bonus|64	Collaborative + silly.
action-ridiculous-impulse-purchase-token	Ridiculous impulse purchase token	One silly non-practical purchase within a set budget	choice-privilege:0.75;playful-psychological:0.75	reward|Rewards Bonus|7	Budget-capped.
action-riding-crop-taps	Riding crop taps	focused sting — precision + anticipation	impact:1.00	punishment|Creative Pain 100|8;punishment|Pain Batch 2|6	Safety/structure: Use only on agreed safe areas.
action-room-lights-temperature-blankets-set-to-ideal-comfort	Room lights / temperature / blankets set to ideal comfort	environmental optimization	sensory-intensity:1.00	reward|Rewards 100|87	Jackie gets zero setup burden.
action-rubber-band-snap-on-safe-fleshy-area	Rubber-band snap on safe fleshy area	quick sting — sudden correction	sensory-intensity:1.00	punishment|Creative Pain 100|29	Safety/structure: Do not use on face, genitals, or compromised skin.
action-safe-textured-standing-kneeling-surface	Safe textured standing/kneeling surface	Sensory intensity	sensory-intensity:1.00	punishment|Creative Punishments|8	Seek texture/pressure rather than sharpness.
action-scalp-scratches-while-lying-on-taylor	Scalp scratches while lying on Taylor	touch + attachment	care-pampering:1.00	reward|Rewards 100|10	Easy everyday reward.
action-scratch-and-freeze	Scratch-and-freeze	surface sting — react-vs-obey tension	sensory-intensity:1.00	punishment|Creative Pain 100|33	Safety/structure: Safewords and necessary movement exempt.
action-scratching-with-held-stillness	Scratching with held stillness	surface sting + obedience — the 'don't move' part adds intensity	restraint-control:0.75;sensory-intensity:0.75	punishment|Pain Batch 2|11	
action-scratching-without-breaking-skin	Scratching without breaking skin	surface sting — control + immediacy	sensory-intensity:1.00	punishment|Creative Pain 100|32	Safety/structure: Keep nails smooth and skin intact.
action-secret-objective	Secret objective	Taylor privately picks a behavior to notice and surprises Jackie if it happens naturally	playful-psychological:0.50;praise-recognition:1.00	reward|Rewards Bonus|50	Should reward positive behavior, not trap/failure.
action-sensory-perfection-pass	Sensory perfection pass	Taylor fixes socks/blanket/hair/lighting until everything feels right	care-pampering:0.75;sensory-intensity:1.00	reward|Rewards Bonus|71	Mirror of sensory-wrongness punishments.
action-separate-fact-from-interpretation-verbally	Separate fact from interpretation verbally	Must label what is known vs inferred — epistemic precision	accountability-structure:1.00	punishment|Cognitive 100|96	Safety/structure: Great for fictional scenarios.
action-service-task-under-strict-instructions	Service task under strict instructions	Useful + submissive	accountability-structure:0.50;playful-psychological:0.75	punishment|Creative Punishments|44	Keep task reasonable and safe.
action-set-a-table-with-one-item-intentionally-off-center	Set a table with one item intentionally off-center	Visual wrongness	playful-psychological:0.75;sensory-intensity:0.50	punishment|Nontraditional 100|28	Safety/structure: Keep it playful.
action-shared-youtube-rabbit-hole	Shared YouTube rabbit hole	curiosity + companionship	connection-attention:1.00	reward|Rewards 100|32	Jackie picks topic.
action-short-corner-time	Short corner time	Classic disciplinary vibe	playful-psychological:1.00	punishment|Creative Punishments|55	Keep duration modest.
action-short-staircase-of-posture-holds	Short staircase of posture holds	varied muscle burn — progressive ritual	accountability-structure:0.75;sensory-intensity:0.50	punishment|Creative Pain 100|61	Safety/structure: Keep total duration modest.
action-shoulder-rub-while-jackie-rambles	Shoulder rub while Jackie rambles	touch + being listened to	care-pampering:1.00	reward|Rewards 100|15	Combines care and attention.
action-shower-spray-over-forehead-face-for-a-few-seconds	Shower spray over forehead/face for a few seconds	water-on-face aversion	sensory-intensity:1.00	punishment|Sensory-Control 100|7	Safety/structure: Never obstruct breathing; eyes can close; brief only.
action-silent-correction-period	Silent correction period	serious tone — removes banter	playful-psychological:1.00	punishment|Creative Pain 100|96	Safety/structure: Keep safety communication open.
action-silent-impact-round	Silent impact round	sting/thud — serious ritual tone	impact:1.00;playful-psychological:1.00	punishment|Creative Pain 100|17;punishment|Pain Batch 2|28	Safety/structure: Keep communication channel for safety.
action-single-clothespin-endurance-hold	Single clothespin endurance hold	focused pinch — stillness	sensory-intensity:1.00	punishment|Creative Pain 100|26	Safety/structure: Short, monitored interval.
action-sit-for-sixty-seconds-after-finishing-before-youre-allowed-to-mark-it-done	Sit for sixty seconds after finishing before you're allowed to mark it done	Delayed closure	accountability-structure:0.50;restraint-control:0.75	punishment|Nontraditional 100|78	Safety/structure: Known timer.
action-sit-on-a-deliberately-wrinkled-towel	Sit on a deliberately wrinkled towel	Persistent uneven texture	sensory-intensity:1.00	punishment|Nontraditional 100|54;punishment|Sensory-Control 100|46	Safety/structure: No pressure points or sharp folds. | Safety/structure: No sharp folds.
action-sit-with-one-foot-on-a-soft-mat-and-one-on-bare-floor	Sit with one foot on a soft mat and one on bare floor	Uneven sensory input	playful-psychological:0.50;sensory-intensity:0.75	punishment|Nontraditional 100|11	Safety/structure: Stable seated position.
action-skip-one-low-value-chore	Skip one low-value chore	responsibility relief	choice-privilege:0.75;playful-psychological:0.50	reward|Rewards 100|95	Never essential pet/health/safety tasks.
action-slapper-leather-paddle	Slapper / leather paddle	fast sting with sound — anticipation + noise add psychological weight	impact:1.00	punishment|Pain Batch 2|3	
action-slapper-impacts	Slapper impacts	fast sting + noise — sound amplifies anticipation	impact:1.00	punishment|Creative Pain 100|9	Safety/structure: Noise can make it feel harsher than it is.
action-sleep-in-morning	Sleep-in morning	rest + responsibility relief	choice-privilege:0.75;playful-psychological:0.50	reward|Rewards 100|97	Only when schedule allows.
action-slow-impact-countdown	Slow impact countdown	anticipation-heavy — psychologically stronger without needing higher force	playful-psychological:1.00	punishment|Pain Batch 2|13	
action-slow-squat-hold	Slow squat hold	thigh burn — stillness + discipline	accountability-structure:0.75;sensory-intensity:1.00	punishment|Creative Pain 100|45;punishment|Creative Punishments|6	Safety/structure: Avoid if knees are unhappy. | Short intervals; avoid pushing through joint pain.
action-slow-count-impact-set	Slow-count impact set	building sting — anticipation between strikes	impact:1.00	punishment|Creative Pain 100|12	Safety/structure: Known maximum count.
action-soft-leather-paddle	Soft leather paddle	sting + light thud — formal discipline vibe	impact:1.00	punishment|Creative Pain 100|4	Safety/structure: Easy to modulate.
action-something-sweet	Something sweet	tiny dopamine	choice-privilege:1.00	reward|Rewards 100|52	Already confirmed reward.
action-sort-a-small-set-by-category-leave-one-item-deliberately-misplaced	Sort a small set by category, leave one item deliberately misplaced	Classification itch	playful-psychological:0.75;sensory-intensity:0.50	punishment|Nontraditional 100|25	Safety/structure: Tiny, bounded task.
action-sort-alphabetically-when-another-system-would-be-faster	Sort alphabetically when another system would be faster	Arbitrary rule + inefficiency	accountability-structure:0.75;playful-psychological:0.50	punishment|Nontraditional 100|86	Safety/structure: Tiny dataset.
action-sort-by-two-rules-at-once	Sort by two rules at once	Working-memory load — multi-constraint processing	accountability-structure:0.75;protocol-obedience:0.75	punishment|Cognitive 100|55	Safety/structure: Small dataset.
action-sort-cards-but-leave-one-intentionally-out-of-order	Sort cards but leave one intentionally out of order	pattern violation	playful-psychological:0.75;sensory-intensity:0.50	punishment|Sensory-Control 100|87	Safety/structure: Small set.
action-sort-cards-by-suit-while-answering-simple-questions	Sort cards by suit while answering simple questions	Divided attention — cognitive interference	accountability-structure:0.75;protocol-obedience:0.75	punishment|Cognitive 100|44	Safety/structure: Questions remain easy/non-emotional.
action-sort-ten-items-one-by-one-with-hands-returning-to-lap-between-each	Sort ten items one-by-one with hands returning to lap between each	Forced reset between actions	accountability-structure:0.50;restraint-control:0.75	punishment|Nontraditional 100|70	Safety/structure: Safe seated task.
action-spa-bath-prepared-by-taylor	Spa bath prepared by Taylor	zero planning + pampering	care-pampering:1.00	reward|Rewards 100|5	Bath, towel, drink, and products ready.
action-speak-at-intentionally-half-normal-speed-for-one-minute	Speak at intentionally half-normal speed for one minute	Speech pacing constraint	accountability-structure:0.50;restraint-control:0.75	punishment|Nontraditional 100|67	Safety/structure: Keep it playful, not during distress.
action-special-cuddle-position-reward	Special cuddle-position reward	Jackie gets exactly the cuddle setup she wants	care-pampering:0.75;connection-attention:0.75	reward|Rewards Bonus|15	Focus on intentionality.
action-specific-good-girl-praise	Specific 'good girl' praise	D/s recognition + being seen	praise-recognition:1.00;protocol-obedience:0.50	reward|Rewards 100|67	Tie it to the actual behavior/effort.
action-spell-a-chosen-sentence-aloud-while-maintaining-posture	Spell a chosen sentence aloud while maintaining posture	Language + physical focus — dual-task demand	accountability-structure:0.75;protocol-obedience:0.75	punishment|Cognitive 100|51	Safety/structure: Posture mild and safe.
action-spoiled-passenger-hour	Spoiled-passenger hour	Taylor handles navigation, ordering, timing, logistics	care-pampering:0.75;service:0.75	reward|Rewards Bonus|70	Jackie just comes along.
action-squish-a-sealed-gel-stress-toy-slowly	Squish a sealed gel stress toy slowly	Yielding texture + anticipation	sensory-intensity:1.00	punishment|Nontraditional 100|59	Safety/structure: Only if this is actually aversive; otherwise it's just sensory play.
action-squish-peeled-grapes-by-hand	Squish peeled grapes by hand	mushy + wet + residue	sensory-intensity:1.00	punishment|Sensory-Control 100|38	Safety/structure: Food-safe, short duration.
action-stack-objects-neatly-except-one-rotated-90-degrees	Stack objects neatly except one rotated 90 degrees	Pattern violation	playful-psychological:0.75;sensory-intensity:0.50	punishment|Nontraditional 100|27	Safety/structure: Stable, non-breakable objects.
action-stack-ten-objects-neatly-with-one-hand	Stack ten objects neatly with one hand	Precision + artificial constraint — motor frustration	accountability-structure:0.75;protocol-obedience:0.75	punishment|Cognitive 100|46	Safety/structure: Use unbreakable light objects.
action-stand-under-shower-spray-without-turning-away-for-a-short-count	Stand under shower spray without turning away for a short count	face/body water + obedience	sensory-intensity:1.00	punishment|Sensory-Control 100|18	Safety/structure: Do not require face exposure if breathing feels affected.
action-start-a-tiny-puzzle-and-stop-one-piece-before-completion	Start a tiny puzzle and stop one piece before completion	Near-completion frustration	playful-psychological:0.75;sensory-intensity:0.50	punishment|Nontraditional 100|35	Safety/structure: Use a very small puzzle.
action-start-folding-a-towel-perfectly-then-stop-halfway	Start folding a towel perfectly, then stop halfway	Completion itch	playful-psychological:0.75;sensory-intensity:0.50	punishment|Nontraditional 100|22	Safety/structure: Leave only briefly.
action-state-assumptions-before-questions	State assumptions before questions	Cannot instantly interrogate ambiguity — structured restraint	accountability-structure:0.75;playful-psychological:0.50	punishment|Cognitive 100|72	Safety/structure: Low-stakes scenario.
action-state-facts-first-interpretations-second	State facts first, interpretations second	structured verbal control	protocol-obedience:0.50;restraint-control:1.00	punishment|Sensory-Control 100|56	Safety/structure: Useful only in playful/low-stakes scenarios.
action-state-one-concrete-next-time-plan	State one concrete next-time plan	closure — behavior-focused correction	playful-psychological:1.00	punishment|Creative Pain 100|92	Safety/structure: Useful end ritual.
action-state-what-happened-without-explanation-first	State what happened without explanation first	directness — separates fact from justification	playful-psychological:1.00	punishment|Creative Pain 100|91	Safety/structure: Follow with context afterward.
action-state-what-youll-do-differently-next-time	State what you'll do differently next time	Closure	playful-psychological:1.00	punishment|Creative Punishments|27	Good for resolving the consequence cleanly.
action-static-lunge-hold	Static lunge hold	leg burn — discipline + balance	accountability-structure:0.75;sensory-intensity:0.50	punishment|Creative Pain 100|53	Safety/structure: Keep knee alignment safe.
action-static-posture-after-impact	Static posture after impact	muscle fatigue + after-sting — composure	accountability-structure:0.75;sensory-intensity:0.50	punishment|Creative Pain 100|60	Safety/structure: Keep posture reasonable.
action-stay-in-designated-spot-until-dismissed	Stay in designated spot until dismissed	anticipation — authority + containment	protocol-obedience:1.00	punishment|Creative Pain 100|79	Safety/structure: Known maximum duration.
action-stay-in-place-until-formally-dismissed	Stay in place until formally dismissed	Anticipation + authority	protocol-obedience:1.00	punishment|Creative Punishments|15	Use a known maximum duration.
action-step-barefoot-on-peeled-grapes-in-a-contained-tray	Step barefoot on peeled grapes in a contained tray	Wet + yielding + unpredictable squish	sensory-intensity:1.00	punishment|Nontraditional 100|42	Safety/structure: Non-slip setup; seated support nearby; clean immediately after.
action-step-barefoot-on-peeled-grapes-in-a-tray	Step barefoot on peeled grapes in a tray	wet + yielding + unpredictable squish	sensory-intensity:1.00	punishment|Sensory-Control 100|37	Safety/structure: Non-slip setup; clean immediately afterward.
action-stop-a-repetitive-task-one-repetition-before-the-satisfying-endpoint	Stop a repetitive task one repetition before the satisfying endpoint	Interrupted rhythm	playful-psychological:0.75;sensory-intensity:0.50	punishment|Nontraditional 100|41	Safety/structure: Use harmless, short tasks.
action-stop-at-good-enough-when-taylor-says-done	Stop at 'good enough' when Taylor says done	completion-control transfer	accountability-structure:0.75;restraint-control:0.50	punishment|Sensory-Control 100|72	Safety/structure: Only harmless artifacts.
action-stop-at-good-enough	Stop at good enough	Taylor calls the artifact done before Jackie wants to polish — completion-control transfer	accountability-structure:0.75;playful-psychological:0.50	punishment|Cognitive 100|69	Safety/structure: Only low-stakes artifact.
action-streak-celebration	Streak celebration	progress acknowledgment	praise-recognition:1.00;protocol-obedience:0.50	reward|Rewards 100|73	Celebrate consistency rather than perfection.
action-strong-but-safe-scent-paired-with-punishment-ritual	Strong but safe scent paired with punishment ritual	Association / conditioning	sensory-intensity:1.00	punishment|Creative Punishments|39	Avoid irritants/allergens.
action-summarize-your-own-overthinking	Summarize your own overthinking	Identify where extra analysis added no value — self-audit	accountability-structure:1.00	punishment|Cognitive 100|100	Safety/structure: No shame language.
action-surprise-hour-with-nothing-expected-from-jackie	Surprise hour with nothing expected from Jackie	freedom from productivity	choice-privilege:0.75;playful-psychological:0.50	reward|Rewards 100|98	No 'you should be relaxing' pressure.
action-sustained-pinch-hold	Sustained pinch hold	ache + pressure — endurance	sensory-intensity:1.00	punishment|Creative Pain 100|23;punishment|Pain Batch 2|9	Safety/structure: Short duration; stop for numbness.
action-target-wander-with-drinks	Target wander with drinks	low-stakes adventure	choice-privilege:1.00	reward|Rewards 100|56	Classic browse date.
action-taylor-asks-about-current-hyperfixation-for-20-minutes	Taylor asks about current hyperfixation for 20 minutes	curiosity + feeling known	connection-attention:1.00	reward|Rewards 100|29	Follow-up questions encouraged.
action-taylor-builds-the-nest	Taylor builds the nest	Blankets, pillows, charger, drink, snack all prepared	care-pampering:0.75;connection-attention:0.75	reward|Rewards Bonus|16	Zero setup burden.
action-taylor-chooses-a-horse-topic-and-asks-jackie-to-teach-him	Taylor chooses a horse topic and asks Jackie to teach him	Special-interest attention + being known	connection-attention:1.00	reward|Rewards Bonus|9	Full attention and follow-up questions.
action-taylor-chooses-a-special-affectionate-title-for-the-evening	Taylor chooses a special affectionate title for the evening	D/s/playful recognition	praise-recognition:1.00;protocol-obedience:0.50	reward|Rewards 100|74	Within existing dynamic.
action-taylor-chooses-a-tiny-treat-for-jackie	Taylor chooses a tiny treat for Jackie	being known + surprise	care-pampering:0.50;restraint-control:0.75	reward|Rewards 100|49	Budget-capped.
action-taylor-chooses-dinner-and-handles-ordering	Taylor chooses dinner and handles ordering	removes decision burden	care-pampering:0.50;restraint-control:0.75	reward|Rewards 100|37	Food remains supportive, never punitive.
action-taylor-chooses-from-three-agreed-options	Taylor chooses from three agreed options	Surrendered choice	playful-psychological:1.00	punishment|Creative Punishments|30	All choices remain pre-consented.
action-taylor-chooses-from-three-approved-options	Taylor chooses from three approved options	anticipation — loss of choice	playful-psychological:1.00	punishment|Creative Pain 100|86	Safety/structure: All three must be acceptable.
action-taylor-chooses-jackies-comfy-outfit	Taylor chooses Jackie's comfy outfit	care + surrender	care-pampering:0.50;restraint-control:0.75	reward|Rewards 100|43	From pre-approved comfy clothes.
action-taylor-chooses-movie-snack-cuddle-setup	Taylor chooses movie + snack + cuddle setup	complete low-stakes surrender	care-pampering:0.50;restraint-control:0.75	reward|Rewards 100|40	One bundled reward.
action-taylor-chooses-outfit-activity-meal-for-a-period	Taylor chooses outfit/activity/meal for a period	Loss of choice	accountability-structure:0.50;playful-psychological:0.75	punishment|Creative Punishments|49	Choices still respect limits and practical needs.
action-taylor-chooses-presentation-format-at-the-end	Taylor chooses presentation format at the end	Late constraint — adaptability under lost control	accountability-structure:1.00	punishment|Cognitive 100|98	Safety/structure: Formats pre-approved.
action-taylor-chooses-the-order-of-three-tiny-activities	Taylor chooses the order of three tiny activities	loss of sequencing control	accountability-structure:0.50;protocol-obedience:1.00	punishment|Sensory-Control 100|96	Safety/structure: All optional.
action-taylor-chooses-the-order-of-three-tiny-tasks	Taylor chooses the order of three tiny tasks	Loss of prioritization control	accountability-structure:0.75;playful-psychological:0.50	punishment|Nontraditional 100|90	Safety/structure: All tasks optional/non-essential.
action-taylor-chooses-the-route-stop-on-a-casual-drive	Taylor chooses the route/stop on a casual drive	zero navigation decisions	care-pampering:0.50;restraint-control:0.75	reward|Rewards 100|44	Safety/navigation overrides.
action-taylor-chooses-which-hobby-jackie-does-tonight	Taylor chooses which hobby Jackie does tonight	removes choice paralysis	care-pampering:0.50;restraint-control:0.75	reward|Rewards 100|48	Only among things Jackie wants.
action-taylor-commissions-jackie	Taylor commissions Jackie	He invents a silly intellectual challenge for her	connection-attention:0.75;playful-psychological:0.75	reward|Rewards Bonus|38	Should be fun, not work-like.
action-taylor-fixes-one-annoying-sensory-environmental-issue-jackie-has-been-tolerating	Taylor fixes one annoying sensory/environmental issue Jackie has been tolerating	resolution of persistent friction	sensory-intensity:1.00	reward|Rewards 100|91	Small practical comfort fix.
action-taylor-handles-one-annoying-household-decision	Taylor handles one annoying household decision	relief from cognitive load	care-pampering:0.50;restraint-control:0.75	reward|Rewards 100|45	Not a major financial/legal decision.
action-taylor-helps-with-skincare	Taylor helps with skincare	caretaking + ritual	care-pampering:1.00	reward|Rewards 100|12	Normal products only.
action-taylor-invents-the-next-reward	Taylor invents the next reward	He creates something new rather than using the menu	playful-psychological:0.50;praise-recognition:1.00	reward|Rewards Bonus|47	Must stay within known preferences.
action-taylor-makes-a-snack-plate	Taylor makes a snack plate	being fed/cared for without decision burden	care-pampering:1.00	reward|Rewards 100|17	Reward is care, not restricting food.
action-taylor-makes-the-plan-and-only-tells-jackie-what-she-needs-to-know	Taylor makes the plan and only tells Jackie what she needs to know	trust + reduced planning	care-pampering:0.50;restraint-control:0.75	reward|Rewards 100|50	No surprise involving hard limits.
action-taylor-picks-the-game	Taylor picks the game	letting go of choice	care-pampering:0.50;restraint-control:0.75	reward|Rewards 100|42	From mutually liked options.
action-taylor-plans-a-surprise-mini-date	Taylor plans a surprise mini-date	being planned for + novelty	care-pampering:0.50;restraint-control:0.75	reward|Rewards 100|41	Budget/location constraints agreed.
action-taylor-plans-the-whole-evening	Taylor plans the whole evening	Jackie gets to surrender logistics	care-pampering:0.50;restraint-control:0.75	reward|Rewards 100|38	Within pre-agreed preferences.
action-taylor-plays-jackies-chosen-game	Taylor plays Jackie's chosen game	interest-sharing + attention	connection-attention:1.00	reward|Rewards 100|24	Jackie chooses.
action-taylor-scores-a-pre-agreed-rubric	Taylor scores a pre-agreed rubric	Clarity, adherence, concision, etc. — evaluation + accountability	accountability-structure:1.00	punishment|Cognitive 100|86	Safety/structure: Rubric known in advance.
action-taylor-selects-a-reward-from-the-approved-menu	Taylor selects a reward from the approved menu	surprise + surrendered choice	care-pampering:0.50;restraint-control:0.75	reward|Rewards 100|46	All menu items are yeses.
action-taylor-sets-out-pajamas-comfy-clothes	Taylor sets out pajamas/comfy clothes	being looked after	care-pampering:1.00	reward|Rewards 100|19	Jackie can veto comfort issues.
action-taylor-sets-task-order	Taylor sets task order	Cannot reprioritize three tiny tasks — loss of sequencing control	accountability-structure:0.75;playful-psychological:0.50	punishment|Cognitive 100|67	Safety/structure: All tasks nonessential.
action-taylor-summarizes-what-jackie-did-well-this-week	Taylor summarizes what Jackie did well this week	meta-recognition	praise-recognition:1.00;protocol-obedience:0.50	reward|Rewards 100|78	Useful for larger milestones.
action-taylor-takes-over-one-small-routine-task	Taylor takes over one small routine task	being cared for through labor relief	choice-privilege:0.75;playful-psychological:0.50	reward|Rewards 100|96	One-off, bounded.
action-taylor-tells-jackie-three-things-he-appreciated	Taylor tells Jackie three things he appreciated	specific affirmation	praise-recognition:1.00;protocol-obedience:0.50	reward|Rewards 100|68	Concrete > generic.
action-taylor-watches-jackie-demo-a-project	Taylor watches Jackie demo a project	being seen + competence recognition	connection-attention:1.00	reward|Rewards 100|31	Full attention, not passive nearby presence.
action-taylor-knows-me-wildcard	Taylor-knows-me wildcard	Taylor invents a reward based entirely on what he knows Jackie enjoys	connection-attention:1.00;playful-psychological:0.25	reward|Rewards Bonus|84	Inside established preferences/limits.
action-teach-back-from-notes	Teach back from notes	Make notes, then hand them to Taylor and explain without looking — performance + delayed retrieval	accountability-structure:1.00	punishment|Cognitive 100|41	Safety/structure: Keep topic modest.
action-teach-it-to-me-presentation	Teach-it-to-me presentation	Research for 20 minutes, then give Taylor a 3-minute lesson — performance + evaluation	accountability-structure:1.00	punishment|Cognitive 100|25	Safety/structure: Questions should be curious, not gotcha.
action-teach-me-something-about-you-reward	Teach-me-something-about-you reward	Mutual little discovery conversation	connection-attention:1.00;playful-psychological:0.25	reward|Rewards Bonus|83	Connection through novelty.
action-tell-me-about-horses-session	Tell-me-about-horses session	special-interest attention	connection-attention:1.00	reward|Rewards 100|30	Yes, this gets its own reward 😂.
action-tell-me-im-pretty-coupon	Tell-me-I'm-pretty coupon	Redeem for explicit appearance praise	connection-attention:0.50;praise-recognition:1.00	reward|Rewards Bonus|79	Simple, direct.
action-tell-me-im-smart-and-be-specific-coupon	Tell-me-I'm-smart-and-be-specific coupon	Specific competence/intelligence praise	connection-attention:0.50;praise-recognition:1.00	reward|Rewards Bonus|80	Very Jackie-coded.
action-tell-me-what-you-noticed-reward	Tell-me-what-you-noticed reward	Taylor names a specific effort/behavior he saw	connection-attention:0.50;praise-recognition:1.00	reward|Rewards Bonus|81	Attunement as reward.
action-temporary-loss-of-one-small-choice	Temporary loss of one small choice	minor aversion — authority transfer	playful-psychological:1.00	punishment|Creative Pain 100|100	Safety/structure: Not food, medicine, sleep, hygiene, or necessities.
action-texture-based-task	Texture-based task	Sensory focus + stillness	sensory-intensity:1.00	punishment|Creative Punishments|38	Use non-damaging textures.
action-three-questions-maximum	Three questions maximum	Must choose the most valuable clarifying questions — constraint + requirements thinking	accountability-structure:0.75;playful-psychological:0.50	punishment|Cognitive 100|71	Safety/structure: Harmless assignment.
action-three-question-quota	Three-question quota	must choose clarifying questions carefully	protocol-obedience:0.50;restraint-control:1.00	punishment|Sensory-Control 100|60	Safety/structure: Harmless assignment.
action-three-source-synthesis	Three-source synthesis	Read three short sources and identify consensus/disagreement — synthesis under constraint	accountability-structure:1.00	punishment|Cognitive 100|24	Safety/structure: Public, low-stakes subject.
action-three-strikes-then-freeze-pattern	Three-strikes-then-freeze pattern	impact + after-sting — must regain stillness	impact:1.00	punishment|Creative Pain 100|14	Safety/structure: Safewords always override stillness.
action-thrift-store-browse	Thrift-store browse	treasure-hunt novelty	choice-privilege:1.00	reward|Rewards 100|61	Purchase optional.
action-tie-one-shoelace-neatly-and-leave-the-other-loose-while-seated	Tie one shoelace neatly and leave the other loose while seated	Unfinished pair	playful-psychological:0.75;sensory-intensity:0.50	punishment|Nontraditional 100|37	Safety/structure: Seated only.
action-timer-hidden-with-a-known-max	Timer hidden with a known max	Bounded uncertainty	playful-psychological:1.00	punishment|Creative Punishments|33	The maximum should be explicit in advance.
action-timer-visible	Timer visible	Watching the consequence happen	playful-psychological:1.00	punishment|Creative Punishments|32	Known endpoint can increase ritual feel.
action-tiny-adventure	Tiny adventure	Visit somewhere new within ~20 minutes	choice-privilege:1.00;playful-psychological:0.50	reward|Rewards Bonus|29	Low effort novelty.
action-tiny-certificate-silly-award	Tiny certificate / silly award	playful accomplishment ritual	praise-recognition:1.00;protocol-obedience:0.50	reward|Rewards 100|79	Can be intentionally ridiculous.
action-tiny-harmless-crumb-under-thigh-while-seated	Tiny harmless crumb under thigh while seated	irregular low-level pressure signal	sensory-intensity:1.00	punishment|Sensory-Control 100|47	Safety/structure: Soft crumb only.
action-tiny-puzzle-stopped-one-piece-before-completion	Tiny puzzle stopped one piece before completion	near-completion frustration	playful-psychological:0.75;sensory-intensity:0.50	punishment|Sensory-Control 100|84	Safety/structure: Small puzzle.
action-tiny-service-ritual-before-returning-to-normal	Tiny service ritual before returning to normal	Symbolic restitution	playful-psychological:1.00	punishment|Creative Punishments|57	Good for quick closure.
action-tiny-surprise-object	Tiny surprise object	A small $3–$10 thing Taylor saw and thought 'Jackie'	choice-privilege:0.75	reward|Rewards Bonus|3	Thoughtfulness > price.
action-tiny-treasure-hunt	Tiny treasure hunt	A few clues around the house leading to a treat, note, or activity	choice-privilege:0.75;playful-psychological:0.75	reward|Rewards Bonus|5	Keep playful and short.
action-tiptoe-hold-correction	Tiptoe hold + correction	calf burn + balance — annoying and obedience-heavy	accountability-structure:0.75;protocol-obedience:0.75	punishment|Pain Batch 2|19	
action-tiptoe-hold-against-wall	Tiptoe hold against wall	calf burn + balance — annoying obedience	accountability-structure:0.75;sensory-intensity:1.00	punishment|Creative Pain 100|52;punishment|Creative Punishments|7	Safety/structure: Use wall support. | Use wall support and short intervals.
action-touch-lotion-then-wait-before-wiping-hands	Touch lotion, then wait before wiping hands	Persistent residue	sensory-intensity:1.00	punishment|Nontraditional 100|51	Safety/structure: Use tolerated lotion; short duration.
action-touch-microfiber-with-dry-hands	Touch microfiber with dry hands	Catching/dry tactile sensation	sensory-intensity:1.00	punishment|Nontraditional 100|56;punishment|Sensory-Control 100|48	Safety/structure: Stop if skin irritation occurs. | Safety/structure: Stop if skin irritated.
action-touch-wet-paper-and-separate-stuck-layers	Touch wet paper and separate stuck layers	Mushy fragile texture	sensory-intensity:1.00	punishment|Nontraditional 100|45	Safety/structure: Clean paper/water only.
action-touch-wet-paper-and-separate-stuck-sheets	Touch wet paper and separate stuck sheets	mushy + fragile texture	sensory-intensity:1.00	punishment|Sensory-Control 100|41	Safety/structure: Clean water/paper.
action-transfer-small-soft-objects-between-cups-with-chopsticks	Transfer small soft objects between cups with chopsticks	Fine-motor challenge — precision under mild frustration	accountability-structure:0.75;protocol-obedience:0.75	punishment|Cognitive 100|48	Safety/structure: No sharp/hot objects.
action-type-a-short-sentence-with-a-pause-after-every-word	Type a short sentence with a pause after every word	Cognitive pacing frustration	accountability-structure:0.50;restraint-control:0.75	punishment|Nontraditional 100|74	Safety/structure: Short phrase only.
action-uninterrupted-laptop-project-gremlin-hour	Uninterrupted laptop/project gremlin hour	deep-focus freedom	choice-privilege:0.75;playful-psychological:0.50	reward|Rewards 100|93	Taylor handles interruptions where practical.
action-unknown-emphasis-rubric	Unknown emphasis rubric	Broad rubric known but Taylor chooses one category to discuss — uncertainty	accountability-structure:1.00	punishment|Cognitive 100|87	Safety/structure: No surprise personal criteria.
action-unknown-question-round	Unknown question round	Study a topic knowing Taylor will ask one surprise question — anticipation	accountability-structure:1.00	punishment|Cognitive 100|32	Safety/structure: Question stays within studied topic.
action-upgrade-token	Upgrade token	Turn a Tier 1 reward into a deluxe version	choice-privilege:0.75;playful-psychological:1.00	reward|Rewards Bonus|57	Simple gamification.
action-use-a-deliberately-mediocre-but-safe-tool-for-a-tiny-job	Use a deliberately mediocre but safe tool for a tiny job	Tool inefficiency	accountability-structure:0.75;playful-psychological:0.50	punishment|Nontraditional 100|93	Safety/structure: No damaged/unsafe tools.
action-use-a-fixed-template	Use a fixed template	Cannot redesign the format — constraint + compliance	accountability-structure:0.75;playful-psychological:0.50	punishment|Cognitive 100|75	Safety/structure: Template provided clearly.
action-use-a-fixed-template-without-redesigning-it	Use a fixed template without redesigning it	format-control surrender	accountability-structure:0.75;restraint-control:0.50	punishment|Sensory-Control 100|76	Safety/structure: Temporary artifact.
action-use-a-paper-list-instead-of-preferred-digital-method-for-one-tiny-task	Use a paper list instead of preferred digital method for one tiny task	Tool preference denial	accountability-structure:0.75;playful-psychological:0.50	punishment|Nontraditional 100|85	Safety/structure: No important records.
action-use-a-timer-that-requires-waiting-before-correcting-a-harmless-asymmetry	Use a timer that requires waiting before correcting a harmless asymmetry	Forced endurance of wrongness	accountability-structure:0.50;restraint-control:0.75	punishment|Nontraditional 100|80	Safety/structure: Short, agreed max.
action-use-an-intentionally-verbose-five-step-process-for-a-one-step-task	Use an intentionally verbose five-step process for a one-step task	Procedural annoyance	accountability-structure:0.75;playful-psychological:0.50	punishment|Nontraditional 100|89	Safety/structure: Keep it absurd, short, and harmless.
action-use-first-acceptable-solution	Use first acceptable solution	cannot keep searching for optimal	accountability-structure:0.75;restraint-control:0.50	punishment|Sensory-Control 100|71	Safety/structure: Low-stakes decision.
action-use-only-a-pre-agreed-response-format	Use only a pre-agreed response format	structured expression	protocol-obedience:0.50;restraint-control:1.00	punishment|Sensory-Control 100|64	Safety/structure: Safety speech exempt.
action-use-only-one-container-when-two-would-make-sorting-easier	Use only one container when two would make sorting easier	Artificial constraint	accountability-structure:0.75;playful-psychological:0.50	punishment|Nontraditional 100|100	Safety/structure: Tiny task.
action-use-taylors-naming-convention	Use Taylor's naming convention	Must preserve a harmless scheme you would not choose — system-control surrender	accountability-structure:0.75;playful-psychological:0.50	punishment|Cognitive 100|73	Safety/structure: Temporary artifact only.
action-use-the-wrong-but-functional-order-for-a-simple-routine	Use the 'wrong' but functional order for a simple routine	Predictability/control disruption	accountability-structure:0.75;playful-psychological:0.50	punishment|Nontraditional 100|84	Safety/structure: Keep routine non-essential.
action-use-the-first-acceptable-solution	Use the first acceptable solution	Cannot keep searching for optimal — anti-perfectionism + finality	accountability-structure:0.75;playful-psychological:0.50	punishment|Cognitive 100|80	Safety/structure: Low-stakes problem.
action-use-the-provided-inefficient-method	Use the provided inefficient method	Must follow a safe slower process even after spotting a better one — optimization denial	accountability-structure:0.75;playful-psychological:0.50	punishment|Cognitive 100|62	Safety/structure: Tiny, harmless task only.
action-visible-countdown-timer	Visible countdown timer	anticipation — watching consequence approach/end	playful-psychological:1.00	punishment|Creative Pain 100|82	Safety/structure: Known endpoint.
action-visible-gold-star-token	Visible gold-star token	Sticker/star marker for a win	playful-psychological:0.50;praise-recognition:1.00	reward|Rewards Bonus|46	Cute tangible reinforcement.
action-voice-note-praise	Voice-note praise	Taylor's voice + replayability	praise-recognition:1.00;protocol-obedience:0.50	reward|Rewards 100|70	Can be tiny.
action-wait-20-seconds-between-each-step-of-a-simple-task	Wait 20 seconds between each step of a simple task	Interrupts natural momentum	accountability-structure:0.50;restraint-control:0.75	punishment|Nontraditional 100|63	Safety/structure: Keep total duration modest.
action-wait-20-seconds-between-task-steps	Wait 20 seconds between task steps	interrupts momentum	accountability-structure:0.75;restraint-control:0.50	punishment|Sensory-Control 100|69	Safety/structure: Short total task.
action-wait-for-go-before-explaining	Wait for 'go' before explaining	delayed externalization	protocol-obedience:0.50;restraint-control:1.00	punishment|Sensory-Control 100|57	Safety/structure: Short known wait.
action-wait-for-approval-gates	Wait for approval gates	Stop after each mini-section until Taylor says continue — external pacing control	accountability-structure:0.75;playful-psychological:0.50	punishment|Cognitive 100|79	Safety/structure: No unnecessary long waits.
action-wait-for-explicit-next-before-continuing-a-harmless-sequence	Wait for explicit 'next' before continuing a harmless sequence	Externally controlled pacing	accountability-structure:0.50;restraint-control:0.75	punishment|Nontraditional 100|72	Safety/structure: Set a max total time.
action-wait-in-designated-spot-until-formally-dismissed	Wait in designated spot until formally dismissed	protocol + anticipation	accountability-structure:0.50;protocol-obedience:1.00	punishment|Sensory-Control 100|98	Safety/structure: Known short max.
action-wait-in-position-before-consequence	Wait in position before consequence	anticipation — not knowing exact start moment	playful-psychological:1.00	punishment|Creative Pain 100|84	Safety/structure: Short pre-agreed window.
action-wait-in-position-before-knowing-the-punishment	Wait in position before knowing the punishment	Anticipation	playful-psychological:1.00	punishment|Creative Punishments|28	Use a pre-agreed maximum wait.
action-walk-slowly-across-the-room-under-direction	Walk slowly across the room under direction	Motor pacing restriction	accountability-structure:0.50;restraint-control:0.75	punishment|Nontraditional 100|68	Safety/structure: Clear floor, no balance risk.
action-wall-sit-counted-taps	Wall sit + counted taps	burn + impact + counting — layered punishment without needing extreme intensity	accountability-structure:0.50;playful-psychological:0.75	punishment|Pain Batch 2|15	
action-wall-sit-while-listening-to-correction	Wall sit while listening to correction	Physical + psychological	accountability-structure:0.50;playful-psychological:0.75	punishment|Creative Punishments|40	Keep both duration and wording bounded.
action-wall-sit-with-hidden-timer-and-known-max	Wall sit with hidden timer and known max	muscle burn — bounded uncertainty	accountability-structure:0.75;sensory-intensity:0.50	punishment|Creative Pain 100|44	Safety/structure: Maximum stated in advance.
action-wall-sit-with-visible-timer	Wall sit with visible timer	muscle burn — watching the clock	accountability-structure:0.75;sensory-intensity:0.50	punishment|Creative Pain 100|43	Safety/structure: Known endpoint.
action-warm-bath-then-immediate-cozy-wrap-up	Warm bath then immediate cozy wrap-up	sensory transition + care	sensory-intensity:1.00	reward|Rewards 100|90	Comfort-focused.
action-warm-towel-after-bath-shower	Warm towel after bath/shower	sensory comfort + thoughtfulness	care-pampering:1.00	reward|Rewards 100|13	Simple add-on.
action-wash-face-without-immediately-towel-drying	Wash face without immediately towel-drying	wet-face persistence	sensory-intensity:1.00	punishment|Sensory-Control 100|12	Safety/structure: Short wait only.
action-watch-taylor-do-a-harmless-task-inefficiently-without-correcting	Watch Taylor do a harmless task inefficiently without correcting	suppressed optimization urge	accountability-structure:0.75;restraint-control:0.50	punishment|Sensory-Control 100|81	Safety/structure: No consequential task.
action-watch-taylor-perform-a-tiny-task-inefficiently-without-correcting-him	Watch Taylor perform a tiny task inefficiently without correcting him	Suppressed optimization impulse	accountability-structure:0.75;playful-psychological:0.50	punishment|Nontraditional 100|101	Safety/structure: Keep playful; no consequential task.
action-wear-a-shirt-with-one-harmless-fabric-fold-left-unfixed	Wear a shirt with one harmless fabric fold left unfixed	Persistent clothing wrongness	sensory-intensity:1.00	punishment|Nontraditional 100|55	Safety/structure: No seam pressure that causes pain.
action-wear-a-silly-agreed-i-got-a-demerit-token	Wear a silly agreed 'I got a demerit' token	Visible consequence	playful-psychological:1.00	punishment|Creative Punishments|53	Only in contexts both agree to.
action-wear-one-slightly-damp-sock-briefly	Wear one slightly damp sock briefly	Wet fabric + asymmetry	sensory-intensity:1.00	punishment|Nontraditional 100|52	Safety/structure: Clean water, short duration, seated/indoors.
action-wet-hair-left-dripping-for-a-short-period-before-towel	Wet hair left dripping for a short period before towel	persistent wet-body sensation	sensory-intensity:1.00	punishment|Sensory-Control 100|19	Safety/structure: Warm environment; protect floors.
action-wet-washcloth-laid-briefly-across-cheeks-forehead	Wet washcloth laid briefly across cheeks/forehead	persistent facial wetness	sensory-intensity:1.00	punishment|Sensory-Control 100|10	Safety/structure: Keep nose/mouth fully clear.
action-wild-card-taylor-knows-me-reward	Wild-card 'Taylor knows me' reward	Taylor invents something from everything he knows Jackie enjoys	choice-privilege:0.75;playful-psychological:0.50	reward|Rewards 100|101	Must stay inside known preferences/limits.
action-wildcard-reward-day	Wildcard reward day	Taylor spontaneously decides what deserves recognition	choice-privilege:0.75;playful-psychological:1.00	reward|Rewards Bonus|59	Keeps system alive and relational.
action-window-shopping-trip-with-drinks	Window-shopping trip with drinks	wandering + connection + novelty	choice-privilege:1.00	reward|Rewards 100|54	Already confirmed reward.
action-wooden-paddle	Wooden paddle	deeper thud + sting — ritualized punishment	impact:1.00	punishment|Creative Pain 100|5	Safety/structure: Intensity ramps quickly; use conservative force.
action-wooden-spoon	Wooden spoon	small, sharp impact — strong domestic-discipline association	impact:1.00	punishment|Pain Batch 2|4	
action-wooden-spoon-taps	Wooden spoon taps	small sharp sting — domestic punishment vibe	impact:1.00	punishment|Creative Pain 100|7	Safety/structure: Use light, controlled taps.
action-write-a-list-with-one-bullet-intentionally-unfinished	Write a list with one bullet intentionally unfinished	language completion itch	playful-psychological:0.75;sensory-intensity:0.50	punishment|Sensory-Control 100|90	Safety/structure: Short duration.
action-write-a-neat-list-but-leave-one-bullet-unfinished	Write a neat list but leave one bullet unfinished	Language/completion itch	playful-psychological:0.75;sensory-intensity:0.50	punishment|Nontraditional 100|31	Safety/structure: Short duration.
action-write-a-short-reflection-before-release	Write a short reflection before release	mental effort — links consequence to behavior	playful-psychological:1.00	punishment|Creative Pain 100|88;punishment|Creative Punishments|23	Safety/structure: Keep it concise. | Keep it concise and specific.
action-write-an-apology-in-intentionally-formal-language	Write an apology in intentionally formal language	Absurd + corrective	playful-psychological:1.00	punishment|Creative Punishments|56	Can keep the tone playful.
action-write-exactly-50-words	Write exactly 50 words	Precision + stopping at boundary — hard output constraint	accountability-structure:0.75;protocol-obedience:0.75	punishment|Cognitive 100|59	Safety/structure: Harmless topic.
action-write-five-lines-extremely-slowly-and-neatly	Write five lines extremely slowly and neatly	Pacing frustration	accountability-structure:0.50;restraint-control:0.75	punishment|Nontraditional 100|62	Safety/structure: Use a short set; no hand strain.
action-write-five-lines-very-slowly-and-neatly	Write five lines very slowly and neatly	forced pacing	accountability-structure:0.75;restraint-control:0.50	punishment|Sensory-Control 100|78	Safety/structure: Avoid hand strain.
action-write-five-neat-sentences-with-non-dominant-hand	Write five neat sentences with non-dominant hand	Motor frustration + precision — reduced fluency	accountability-structure:0.75;protocol-obedience:0.75	punishment|Cognitive 100|47	Safety/structure: Short duration; no pain.
action-write-lines-tied-to-the-actual-rule	Write lines tied to the actual rule	repetition — corrective ritual	playful-psychological:1.00	punishment|Creative Pain 100|89;punishment|Creative Punishments|24	Safety/structure: Avoid excessive volume. | Avoid excessive volume.
action-write-lines-while-a-metronome-plays	Write lines while a metronome plays	Maintain neatness despite repetitive auditory distraction — attention control	accountability-structure:0.75;protocol-obedience:0.75	punishment|Cognitive 100|42	Safety/structure: Volume comfortable.
action-write-on-a-vertical-whiteboard	Write on a vertical whiteboard	Unfamiliar motor position — novel precision constraint	accountability-structure:0.75;protocol-obedience:0.75	punishment|Cognitive 100|52	Safety/structure: Comfortable shoulder height.
action-write-one-line-with-an-intentionally-awkward-but-safe-grip	Write one line with an intentionally awkward but safe grip	Motor constraint — precision frustration	accountability-structure:0.75;protocol-obedience:0.75	punishment|Cognitive 100|53	Safety/structure: Hand-only grip variation; no mouth-held tools.
action-write-the-answer-before-speaking-it	Write the answer before speaking it	forces internal processing first	protocol-obedience:0.50;restraint-control:1.00	punishment|Sensory-Control 100|55	Safety/structure: Short prompt.
action-written-why-i-love-you-card	Written 'why I love you' card	Short note Jackie can keep and reread	connection-attention:0.50;praise-recognition:0.75	reward|Rewards Bonus|11	High emotional replay value.
action-written-praise-note	Written praise note	something Jackie can reread	praise-recognition:1.00;protocol-obedience:0.50	reward|Rewards 100|69	Short is fine.
action-yes-to-the-hobby-pass	Yes-to-the-hobby pass	Guilt-free block for current obsession	choice-privilege:1.00;playful-psychological:0.50	reward|Rewards Bonus|35	No chore debt attached.
action-you-are-done-for-the-day-ritual	You-are-done-for-the-day ritual	Taylor explicitly declares no more productivity required	care-pampering:0.75;choice-privilege:0.50	reward|Rewards Bonus|20	Strong permission/closure reward.
